OptionRef,Task ID,Task Title,Task Description,Complexity,MVP,Production,Enterprise,Primary Role,Notes,Task Name,Sequence,Task Type,Production Ready,Mode Applicability
F.08.1,BASE1,,,,,,,,,Build dashboards / visuals,,,,
F.08.1,BASE1,,,,,,,,,Build dashboards / visuals,,,,
F.08.1,BASE1,,,,,,,,,Build dashboards / visuals,,,,
F.08.1,BASE1,,,,,,,,,Build dashboards / visuals,,,,
F.08.1,BASE1,,,,,,,,,Build dashboards / visuals,,,,
F.08.1,BASE1,,,,,,,,,Build dashboards / visuals,,,,
F.08.1,OPT1,,,,,,,,,Implement: Snowsight Dashboards,,,,
F.08.1,OPT1,,,,,,,,,Implement: Streamlit in Snowflake,,,,
F.08.1,OPT1,,,,,,,,,Implement: External BI (PBI/Tableau),,,,
F.08.1,OPT1,,,,,,,,,Implement: Snowsight Dashboards,,,,
F.08.1,OPT1,,,,,,,,,Implement: Streamlit in Snowflake,,,,
F.08.1,OPT1,,,,,,,,,Implement: External BI (PBI/Tableau),,,,
F.08.2,BASE1,,,,,,,,,Configure self-service datasets,,,,
F.08.2,BASE1,,,,,,,,,Configure self-service datasets,,,,
F.08.2,BASE1,,,,,,,,,Configure self-service datasets,,,,
F.08.2,BASE1,,,,,,,,,Configure self-service datasets,,,,
F.08.2,BASE1,,,,,,,,,Configure self-service datasets,,,,
F.08.2,BASE1,,,,,,,,,Configure self-service datasets,,,,
F.08.2,OPT1,,,,,,,,,Implement: Snowsight Dashboards,,,,
F.08.2,OPT1,,,,,,,,,Implement: Streamlit in Snowflake,,,,
F.08.2,OPT1,,,,,,,,,Implement: External BI (PBI/Tableau),,,,
F.08.2,OPT1,,,,,,,,,Implement: Snowsight Dashboards,,,,
F.08.2,OPT1,,,,,,,,,Implement: Streamlit in Snowflake,,,,
F.08.2,OPT1,,,,,,,,,Implement: External BI (PBI/Tableau),,,,
F.09.1,BASE1,,,,,,,,,Monitor warehouse / compute,,,,
F.09.1,BASE1,,,,,,,,,Monitor warehouse / compute,,,,
F.09.1,BASE1,,,,,,,,,Monitor warehouse / compute,,,,
F.09.1,BASE1,,,,,,,,,Monitor warehouse / compute,,,,
F.09.1,BASE1,,,,,,,,,Monitor warehouse / compute,,,,
F.09.1,BASE1,,,,,,,,,Monitor warehouse / compute,,,,
F.09.1,BASE1,,,,,,,,,Monitor warehouse / compute,,,,
F.09.1,BASE1,,,,,,,,,Monitor warehouse / compute,,,,
F.09.1,OPT1,,,,,,,,,Implement: Account Usage & Monitors,,,,
F.09.1,OPT1,,,,,,,,,Implement: External Monitoring,,,,
F.09.1,OPT1,,,,,,,,,Implement: Task History Monitoring,,,,
F.09.1,OPT1,,,,,,,,,Implement: Custom Pipeline Dashboard,,,,
F.09.1,OPT1,,,,,,,,,Implement: Account Usage & Monitors,,,,
F.09.1,OPT1,,,,,,,,,Implement: External Monitoring,,,,
F.09.1,OPT1,,,,,,,,,Implement: Task History Monitoring,,,,
F.09.1,OPT1,,,,,,,,,Implement: Custom Pipeline Dashboard,,,,
F.09.2,BASE1,,,,,,,,,Implement security monitoring,,,,
F.09.2,BASE1,,,,,,,,,Implement security monitoring,,,,
F.09.2,BASE1,,,,,,,,,Implement security monitoring,,,,
F.09.2,BASE1,,,,,,,,,Implement security monitoring,,,,
F.09.2,BASE1,,,,,,,,,Implement security monitoring,,,,
F.09.2,BASE1,,,,,,,,,Implement security monitoring,,,,
F.09.2,BASE1,,,,,,,,,Implement security monitoring,,,,
F.09.2,BASE1,,,,,,,,,Implement security monitoring,,,,
F.09.2,OPT1,,,,,,,,,Implement: Account Usage & Monitors,,,,
F.09.2,OPT1,,,,,,,,,Implement: External Monitoring,,,,
F.09.2,OPT1,,,,,,,,,Implement: Task History Monitoring,,,,
F.09.2,OPT1,,,,,,,,,Implement: Custom Pipeline Dashboard,,,,
F.09.2,OPT1,,,,,,,,,Implement: Account Usage & Monitors,,,,
F.09.2,OPT1,,,,,,,,,Implement: External Monitoring,,,,
F.09.2,OPT1,,,,,,,,,Implement: Task History Monitoring,,,,
F.09.2,OPT1,,,,,,,,,Implement: Custom Pipeline Dashboard,,,,
F.09.3,BASE1,,,,,,,,,Build usage dashboards,,,,
F.09.3,BASE1,,,,,,,,,Build usage dashboards,,,,
F.09.3,BASE1,,,,,,,,,Build usage dashboards,,,,
F.09.3,BASE1,,,,,,,,,Build usage dashboards,,,,
F.09.3,BASE1,,,,,,,,,Build usage dashboards,,,,
F.09.3,BASE1,,,,,,,,,Build usage dashboards,,,,
F.09.3,BASE1,,,,,,,,,Build usage dashboards,,,,
F.09.3,BASE1,,,,,,,,,Build usage dashboards,,,,
F.09.3,OPT1,,,,,,,,,Implement: Account Usage & Monitors,,,,
F.09.3,OPT1,,,,,,,,,Implement: External Monitoring,,,,
F.09.3,OPT1,,,,,,,,,Implement: Task History Monitoring,,,,
F.09.3,OPT1,,,,,,,,,Implement: Custom Pipeline Dashboard,,,,
F.09.3,OPT1,,,,,,,,,Implement: Account Usage & Monitors,,,,
F.09.3,OPT1,,,,,,,,,Implement: External Monitoring,,,,
F.09.3,OPT1,,,,,,,,,Implement: Task History Monitoring,,,,
F.09.3,OPT1,,,,,,,,,Implement: Custom Pipeline Dashboard,,,,
F.09.4,BASE1,,,,,,,,,Monitor pipeline runs,,,,
F.09.4,BASE1,,,,,,,,,Monitor pipeline runs,,,,
F.09.4,BASE1,,,,,,,,,Monitor pipeline runs,,,,
F.09.4,BASE1,,,,,,,,,Monitor pipeline runs,,,,
F.09.4,BASE1,,,,,,,,,Monitor pipeline runs,,,,
F.09.4,BASE1,,,,,,,,,Monitor pipeline runs,,,,
F.09.4,BASE1,,,,,,,,,Monitor pipeline runs,,,,
F.09.4,BASE1,,,,,,,,,Monitor pipeline runs,,,,
F.09.4,OPT1,,,,,,,,,Implement: Account Usage & Monitors,,,,
F.09.4,OPT1,,,,,,,,,Implement: External Monitoring,,,,
F.09.4,OPT1,,,,,,,,,Implement: Task History Monitoring,,,,
F.09.4,OPT1,,,,,,,,,Implement: Custom Pipeline Dashboard,,,,
F.09.4,OPT1,,,,,,,,,Implement: Account Usage & Monitors,,,,
F.09.4,OPT1,,,,,,,,,Implement: External Monitoring,,,,
F.09.4,OPT1,,,,,,,,,Implement: Task History Monitoring,,,,
F.09.4,OPT1,,,,,,,,,Implement: Custom Pipeline Dashboard,,,,
F.09.5,BASE1,,,,,,,,,Validate payload integrity,,,,
F.09.5,BASE1,,,,,,,,,Validate payload integrity,,,,
F.09.5,BASE1,,,,,,,,,Validate payload integrity,,,,
F.09.5,BASE1,,,,,,,,,Validate payload integrity,,,,
F.09.5,BASE1,,,,,,,,,Validate payload integrity,,,,
F.09.5,BASE1,,,,,,,,,Validate payload integrity,,,,
F.09.5,BASE1,,,,,,,,,Validate payload integrity,,,,
F.09.5,BASE1,,,,,,,,,Validate payload integrity,,,,
F.09.5,OPT1,,,,,,,,,Implement: Account Usage & Monitors,,,,
F.09.5,OPT1,,,,,,,,,Implement: External Monitoring,,,,
F.09.5,OPT1,,,,,,,,,Implement: Task History Monitoring,,,,
F.09.5,OPT1,,,,,,,,,Implement: Custom Pipeline Dashboard,,,,
F.09.5,OPT1,,,,,,,,,Implement: Account Usage & Monitors,,,,
F.09.5,OPT1,,,,,,,,,Implement: External Monitoring,,,,
F.09.5,OPT1,,,,,,,,,Implement: Task History Monitoring,,,,
F.09.5,OPT1,,,,,,,,,Implement: Custom Pipeline Dashboard,,,,
F.09.6,BASE1,,,,,,,,,Define and schedule DMFs,,,,
F.09.6,BASE1,,,,,,,,,Define and schedule DMFs,,,,
F.09.6,BASE1,,,,,,,,,Define and schedule DMFs,,,,
F.09.6,BASE1,,,,,,,,,Define and schedule DMFs,,,,
F.09.6,BASE1,,,,,,,,,Define and schedule DMFs,,,,
F.09.6,BASE1,,,,,,,,,Define and schedule DMFs,,,,
F.09.6,BASE1,,,,,,,,,Define and schedule DMFs,,,,
F.09.6,BASE1,,,,,,,,,Define and schedule DMFs,,,,
F.09.6,OPT1,,,,,,,,,Implement: Account Usage & Monitors,,,,
F.09.6,OPT1,,,,,,,,,Implement: External Monitoring,,,,
F.09.6,OPT1,,,,,,,,,Implement: Task History Monitoring,,,,
F.09.6,OPT1,,,,,,,,,Implement: Custom Pipeline Dashboard,,,,
F.09.6,OPT1,,,,,,,,,Implement: Account Usage & Monitors,,,,
F.09.6,OPT1,,,,,,,,,Implement: External Monitoring,,,,
F.09.6,OPT1,,,,,,,,,Implement: Task History Monitoring,,,,
F.09.6,OPT1,,,,,,,,,Implement: Custom Pipeline Dashboard,,,,
F.10.1.A,F.10.1.A.T1,Design & Configure,Design the option pattern and configure required platform objects/policies.,Medium,❌,✅,✅,Owner,Standardized wording; aligns to blueprint intent.,,,,,
F.10.1.A,F.10.1.A.T2,Observability & Governance,"Set up monitoring/alerts and apply RBAC, tags, and policies appropriate for the mode.",Medium,❌,✅,✅,Data Ops,Standardized wording; aligns to blueprint intent.,,,,,
F.10.1.B,F.10.1.B.T1,Design & Configure,Design the option pattern and configure required platform objects/policies.,High,❌,⚙️,✅,Owner,Standardized wording; aligns to blueprint intent.,,,,,
F.10.1.B,F.10.1.B.T2,Observability & Governance,"Set up monitoring/alerts and apply RBAC, tags, and policies appropriate for the mode.",Medium,❌,✅,✅,Data Ops,Standardized wording; aligns to blueprint intent.,,,,,
F.10.1.C,F.10.1.C.T1,Design & Configure,Design the option pattern and configure required platform objects/policies.,High,❌,⚙️,✅,Owner,Standardized wording; aligns to blueprint intent.,,,,,
F.10.1.C,F.10.1.C.T2,Observability & Governance,"Set up monitoring/alerts and apply RBAC, tags, and policies appropriate for the mode.",Medium,❌,✅,✅,Data Ops,Standardized wording; aligns to blueprint intent.,,,,,
F.10.2.A,F.10.2.A.T1,Design & Configure,Design the option pattern and configure required platform objects/policies.,Medium,❌,✅,✅,Owner,Standardized wording; aligns to blueprint intent.,,,,,
F.10.2.A,F.10.2.A.T2,Observability & Governance,"Set up monitoring/alerts and apply RBAC, tags, and policies appropriate for the mode.",Medium,❌,✅,✅,Data Ops,Standardized wording; aligns to blueprint intent.,,,,,
F.10.2.B,F.10.2.B.T1,Design & Configure,Design the option pattern and configure required platform objects/policies.,High,❌,⚙️,✅,Owner,Standardized wording; aligns to blueprint intent.,,,,,
F.10.2.B,F.10.2.B.T2,Observability & Governance,"Set up monitoring/alerts and apply RBAC, tags, and policies appropriate for the mode.",Medium,❌,✅,✅,Data Ops,Standardized wording; aligns to blueprint intent.,,,,,
F.10.2.C,F.10.2.C.T1,Design & Configure,Design the option pattern and configure required platform objects/policies.,High,❌,⚙️,✅,Owner,Standardized wording; aligns to blueprint intent.,,,,,
F.10.2.C,F.10.2.C.T2,Observability & Governance,"Set up monitoring/alerts and apply RBAC, tags, and policies appropriate for the mode.",Medium,❌,✅,✅,Data Ops,Standardized wording; aligns to blueprint intent.,,,,,
F.10.3.A,F.10.3.A.T1,Design & Configure,Design the option pattern and configure required platform objects/policies.,Medium,❌,✅,✅,Owner,Standardized wording; aligns to blueprint intent.,,,,,
F.10.3.A,F.10.3.A.T2,Observability & Governance,"Set up monitoring/alerts and apply RBAC, tags, and policies appropriate for the mode.",Medium,❌,✅,✅,Data Ops,Standardized wording; aligns to blueprint intent.,,,,,
F.10.3.B,F.10.3.B.T1,Design & Configure,Design the option pattern and configure required platform objects/policies.,High,❌,⚙️,✅,Owner,Standardized wording; aligns to blueprint intent.,,,,,
F.10.3.B,F.10.3.B.T2,Observability & Governance,"Set up monitoring/alerts and apply RBAC, tags, and policies appropriate for the mode.",Medium,❌,✅,✅,Data Ops,Standardized wording; aligns to blueprint intent.,,,,,
F.10.3.C,F.10.3.C.T1,Design & Configure,Design the option pattern and configure required platform objects/policies.,High,❌,⚙️,✅,Owner,Standardized wording; aligns to blueprint intent.,,,,,
F.10.3.C,F.10.3.C.T2,Observability & Governance,"Set up monitoring/alerts and apply RBAC, tags, and policies appropriate for the mode.",Medium,❌,✅,✅,Data Ops,Standardized wording; aligns to blueprint intent.,,,,,
F.10.4.A,F.10.4.A.T1,Design & Configure,Design the option pattern and configure required platform objects/policies.,Medium,❌,✅,✅,Owner,Standardized wording; aligns to blueprint intent.,,,,,
F.10.4.A,F.10.4.A.T2,Observability & Governance,"Set up monitoring/alerts and apply RBAC, tags, and policies appropriate for the mode.",Medium,❌,✅,✅,Data Ops,Standardized wording; aligns to blueprint intent.,,,,,
F.10.4.B,F.10.4.B.T1,Design & Configure,Design the option pattern and configure required platform objects/policies.,High,❌,⚙️,✅,Owner,Standardized wording; aligns to blueprint intent.,,,,,
F.10.4.B,F.10.4.B.T2,Observability & Governance,"Set up monitoring/alerts and apply RBAC, tags, and policies appropriate for the mode.",Medium,❌,✅,✅,Data Ops,Standardized wording; aligns to blueprint intent.,,,,,
F.10.4.C,F.10.4.C.T1,Design & Configure,Design the option pattern and configure required platform objects/policies.,High,❌,⚙️,✅,Owner,Standardized wording; aligns to blueprint intent.,,,,,
F.10.4.C,F.10.4.C.T2,Observability & Governance,"Set up monitoring/alerts and apply RBAC, tags, and policies appropriate for the mode.",Medium,❌,✅,✅,Data Ops,Standardized wording; aligns to blueprint intent.,,,,,
F.10.5.A,F.10.5.A.T1,Design & Configure,Design the option pattern and configure required platform objects/policies.,Medium,❌,✅,✅,Owner,Standardized wording; aligns to blueprint intent.,,,,,
F.10.5.A,F.10.5.A.T2,Observability & Governance,"Set up monitoring/alerts and apply RBAC, tags, and policies appropriate for the mode.",Medium,❌,✅,✅,Data Ops,Standardized wording; aligns to blueprint intent.,,,,,
F.10.5.B,F.10.5.B.T1,Design & Configure,Design the option pattern and configure required platform objects/policies.,High,❌,⚙️,✅,Owner,Standardized wording; aligns to blueprint intent.,,,,,
F.10.5.B,F.10.5.B.T2,Observability & Governance,"Set up monitoring/alerts and apply RBAC, tags, and policies appropriate for the mode.",Medium,❌,✅,✅,Data Ops,Standardized wording; aligns to blueprint intent.,,,,,
F.10.5.C,F.10.5.C.T1,Design & Configure,Design the option pattern and configure required platform objects/policies.,High,❌,⚙️,✅,Owner,Standardized wording; aligns to blueprint intent.,,,,,
F.10.5.C,F.10.5.C.T2,Observability & Governance,"Set up monitoring/alerts and apply RBAC, tags, and policies appropriate for the mode.",Medium,❌,✅,✅,Data Ops,Standardized wording; aligns to blueprint intent.,,,,,
F.11.1.A,F.11.1.A.T1,Design & Configure,Design the option pattern and configure required platform objects/policies.,Low,✅,✅,✅,Owner,Standardized wording; aligns to blueprint intent.,,,,,
F.11.1.A,F.11.1.A.T2,Observability & Governance,"Set up monitoring/alerts and apply RBAC, tags, and policies appropriate for the mode.",Medium,❌,✅,✅,Data Ops,Standardized wording; aligns to blueprint intent.,,,,,
F.11.1.B,F.11.1.B.T1,Design & Configure,Design the option pattern and configure required platform objects/policies.,Medium,❌,✅,✅,Owner,Standardized wording; aligns to blueprint intent.,,,,,
F.11.1.B,F.11.1.B.T2,Observability & Governance,"Set up monitoring/alerts and apply RBAC, tags, and policies appropriate for the mode.",Medium,❌,✅,✅,Data Ops,Standardized wording; aligns to blueprint intent.,,,,,
F.11.1.C,F.11.1.C.T1,Design & Configure,Design the option pattern and configure required platform objects/policies.,Medium,❌,✅,✅,Owner,Standardized wording; aligns to blueprint intent.,,,,,
F.11.1.C,F.11.1.C.T2,Observability & Governance,"Set up monitoring/alerts and apply RBAC, tags, and policies appropriate for the mode.",Medium,❌,✅,✅,Data Ops,Standardized wording; aligns to blueprint intent.,,,,,
F.11.2.A,F.11.2.A.T1,Design & Configure,Design the option pattern and configure required platform objects/policies.,Low,✅,✅,✅,Owner,Standardized wording; aligns to blueprint intent.,,,,,
F.11.2.A,F.11.2.A.T2,Observability & Governance,"Set up monitoring/alerts and apply RBAC, tags, and policies appropriate for the mode.",Medium,❌,✅,✅,Data Ops,Standardized wording; aligns to blueprint intent.,,,,,
F.11.2.B,F.11.2.B.T1,Design & Configure,Design the option pattern and configure required platform objects/policies.,Medium,❌,✅,✅,Owner,Standardized wording; aligns to blueprint intent.,,,,,
F.11.2.B,F.11.2.B.T2,Observability & Governance,"Set up monitoring/alerts and apply RBAC, tags, and policies appropriate for the mode.",Medium,❌,✅,✅,Data Ops,Standardized wording; aligns to blueprint intent.,,,,,
F.11.2.C,F.11.2.C.T1,Design & Configure,Design the option pattern and configure required platform objects/policies.,Medium,❌,✅,✅,Owner,Standardized wording; aligns to blueprint intent.,,,,,
F.11.2.C,F.11.2.C.T2,Observability & Governance,"Set up monitoring/alerts and apply RBAC, tags, and policies appropriate for the mode.",Medium,❌,✅,✅,Data Ops,Standardized wording; aligns to blueprint intent.,,,,,
F.12.1.A,F.12.1.A.T1,Design & Configure,Design the option pattern and configure required platform objects/policies.,Low,✅,✅,✅,Owner,Standardized wording; aligns to blueprint intent.,,,,,
F.12.1.A,F.12.1.A.T2,Observability & Governance,"Set up monitoring/alerts and apply RBAC, tags, and policies appropriate for the mode.",Medium,❌,✅,✅,Data Ops,Standardized wording; aligns to blueprint intent.,,,,,
F.12.1.B,F.12.1.B.T1,Design & Configure,Design the option pattern and configure required platform objects/policies.,Medium,❌,✅,✅,Owner,Standardized wording; aligns to blueprint intent.,,,,,
F.12.1.B,F.12.1.B.T2,Observability & Governance,"Set up monitoring/alerts and apply RBAC, tags, and policies appropriate for the mode.",Medium,❌,✅,✅,Data Ops,Standardized wording; aligns to blueprint intent.,,,,,
F.12.1.C,F.12.1.C.T1,Design & Configure,Design the option pattern and configure required platform objects/policies.,High,❌,⚙️,✅,Owner,Standardized wording; aligns to blueprint intent.,,,,,
F.12.1.C,F.12.1.C.T2,Observability & Governance,"Set up monitoring/alerts and apply RBAC, tags, and policies appropriate for the mode.",Medium,❌,✅,✅,Data Ops,Standardized wording; aligns to blueprint intent.,,,,,
F.12.2.A,F.12.2.A.T1,Design & Configure,Design the option pattern and configure required platform objects/policies.,Low,✅,✅,✅,Owner,Standardized wording; aligns to blueprint intent.,,,,,
F.12.2.A,F.12.2.A.T2,Observability & Governance,"Set up monitoring/alerts and apply RBAC, tags, and policies appropriate for the mode.",Medium,❌,✅,✅,Data Ops,Standardized wording; aligns to blueprint intent.,,,,,
F.12.2.B,F.12.2.B.T1,Design & Configure,Design the option pattern and configure required platform objects/policies.,Medium,❌,✅,✅,Owner,Standardized wording; aligns to blueprint intent.,,,,,
F.12.2.B,F.12.2.B.T2,Observability & Governance,"Set up monitoring/alerts and apply RBAC, tags, and policies appropriate for the mode.",Medium,❌,✅,✅,Data Ops,Standardized wording; aligns to blueprint intent.,,,,,
F.12.2.C,F.12.2.C.T1,Design & Configure,Design the option pattern and configure required platform objects/policies.,High,❌,⚙️,✅,Owner,Standardized wording; aligns to blueprint intent.,,,,,
F.12.2.C,F.12.2.C.T2,Observability & Governance,"Set up monitoring/alerts and apply RBAC, tags, and policies appropriate for the mode.",Medium,❌,✅,✅,Data Ops,Standardized wording; aligns to blueprint intent.,,,,,
F.12.3.A,F.12.3.A.T1,Design & Configure,Design the option pattern and configure required platform objects/policies.,Low,✅,✅,✅,Owner,Standardized wording; aligns to blueprint intent.,,,,,
F.12.3.A,F.12.3.A.T2,Observability & Governance,"Set up monitoring/alerts and apply RBAC, tags, and policies appropriate for the mode.",Medium,❌,✅,✅,Data Ops,Standardized wording; aligns to blueprint intent.,,,,,
F.12.3.B,F.12.3.B.T1,Design & Configure,Design the option pattern and configure required platform objects/policies.,Medium,❌,✅,✅,Owner,Standardized wording; aligns to blueprint intent.,,,,,
F.12.3.B,F.12.3.B.T2,Observability & Governance,"Set up monitoring/alerts and apply RBAC, tags, and policies appropriate for the mode.",Medium,❌,✅,✅,Data Ops,Standardized wording; aligns to blueprint intent.,,,,,
F.12.3.C,F.12.3.C.T1,Design & Configure,Design the option pattern and configure required platform objects/policies.,High,❌,⚙️,✅,Owner,Standardized wording; aligns to blueprint intent.,,,,,
F.12.3.C,F.12.3.C.T2,Observability & Governance,"Set up monitoring/alerts and apply RBAC, tags, and policies appropriate for the mode.",Medium,❌,✅,✅,Data Ops,Standardized wording; aligns to blueprint intent.,,,,,
F.12.4.A,F.12.4.A.T1,Design & Configure,Design the option pattern and configure required platform objects/policies.,Low,✅,✅,✅,Owner,Standardized wording; aligns to blueprint intent.,,,,,
F.12.4.A,F.12.4.A.T2,Observability & Governance,"Set up monitoring/alerts and apply RBAC, tags, and policies appropriate for the mode.",Medium,❌,✅,✅,Data Ops,Standardized wording; aligns to blueprint intent.,,,,,
F.12.4.B,F.12.4.B.T1,Design & Configure,Design the option pattern and configure required platform objects/policies.,Medium,❌,✅,✅,Owner,Standardized wording; aligns to blueprint intent.,,,,,
F.12.4.B,F.12.4.B.T2,Observability & Governance,"Set up monitoring/alerts and apply RBAC, tags, and policies appropriate for the mode.",Medium,❌,✅,✅,Data Ops,Standardized wording; aligns to blueprint intent.,,,,,
F.12.4.C,F.12.4.C.T1,Design & Configure,Design the option pattern and configure required platform objects/policies.,High,❌,⚙️,✅,Owner,Standardized wording; aligns to blueprint intent.,,,,,
F.12.4.C,F.12.4.C.T2,Observability & Governance,"Set up monitoring/alerts and apply RBAC, tags, and policies appropriate for the mode.",Medium,❌,✅,✅,Data Ops,Standardized wording; aligns to blueprint intent.,,,,,
F.12.5.A,F.12.5.A.T1,Design & Configure,Design the option pattern and configure required platform objects/policies.,Low,✅,✅,✅,Owner,Standardized wording; aligns to blueprint intent.,,,,,
F.12.5.A,F.12.5.A.T2,Observability & Governance,"Set up monitoring/alerts and apply RBAC, tags, and policies appropriate for the mode.",Medium,❌,✅,✅,Data Ops,Standardized wording; aligns to blueprint intent.,,,,,
F.12.5.B,F.12.5.B.T1,Design & Configure,Design the option pattern and configure required platform objects/policies.,Medium,❌,✅,✅,Owner,Standardized wording; aligns to blueprint intent.,,,,,
F.12.5.B,F.12.5.B.T2,Observability & Governance,"Set up monitoring/alerts and apply RBAC, tags, and policies appropriate for the mode.",Medium,❌,✅,✅,Data Ops,Standardized wording; aligns to blueprint intent.,,,,,
F.12.5.C,F.12.5.C.T1,Design & Configure,Design the option pattern and configure required platform objects/policies.,High,❌,⚙️,✅,Owner,Standardized wording; aligns to blueprint intent.,,,,,
F.12.5.C,F.12.5.C.T2,Observability & Governance,"Set up monitoring/alerts and apply RBAC, tags, and policies appropriate for the mode.",Medium,❌,✅,✅,Data Ops,Standardized wording; aligns to blueprint intent.,,,,,
F.13.1.A,F.13.1.A.T1,Design & Configure,Design the option pattern and configure required platform objects/policies.,Low,✅,✅,✅,Owner,Standardized wording; aligns to blueprint intent.,,,,,
F.13.1.A,F.13.1.A.T2,Observability & Governance,"Set up monitoring/alerts and apply RBAC, tags, and policies appropriate for the mode.",Medium,❌,✅,✅,Data Ops,Standardized wording; aligns to blueprint intent.,,,,,
F.13.1.B,F.13.1.B.T1,Design & Configure,Design the option pattern and configure required platform objects/policies.,Medium,❌,✅,✅,Owner,Standardized wording; aligns to blueprint intent.,,,,,
F.13.1.B,F.13.1.B.T2,Observability & Governance,"Set up monitoring/alerts and apply RBAC, tags, and policies appropriate for the mode.",Medium,❌,✅,✅,Data Ops,Standardized wording; aligns to blueprint intent.,,,,,
F.13.1.C,F.13.1.C.T1,Design & Configure,Design the option pattern and configure required platform objects/policies.,High,❌,⚙️,✅,Owner,Standardized wording; aligns to blueprint intent.,,,,,
F.13.1.C,F.13.1.C.T2,Observability & Governance,"Set up monitoring/alerts and apply RBAC, tags, and policies appropriate for the mode.",Medium,❌,✅,✅,Data Ops,Standardized wording; aligns to blueprint intent.,,,,,
F.13.2.A,F.13.2.A.T1,Design & Configure,Design the option pattern and configure required platform objects/policies.,Low,✅,✅,✅,Owner,Standardized wording; aligns to blueprint intent.,,,,,
F.13.2.A,F.13.2.A.T2,Observability & Governance,"Set up monitoring/alerts and apply RBAC, tags, and policies appropriate for the mode.",Medium,❌,✅,✅,Data Ops,Standardized wording; aligns to blueprint intent.,,,,,
F.13.2.B,F.13.2.B.T1,Design & Configure,Design the option pattern and configure required platform objects/policies.,Medium,❌,✅,✅,Owner,Standardized wording; aligns to blueprint intent.,,,,,
F.13.2.B,F.13.2.B.T2,Observability & Governance,"Set up monitoring/alerts and apply RBAC, tags, and policies appropriate for the mode.",Medium,❌,✅,✅,Data Ops,Standardized wording; aligns to blueprint intent.,,,,,
F.13.2.C,F.13.2.C.T1,Design & Configure,Design the option pattern and configure required platform objects/policies.,High,❌,⚙️,✅,Owner,Standardized wording; aligns to blueprint intent.,,,,,
F.13.2.C,F.13.2.C.T2,Observability & Governance,"Set up monitoring/alerts and apply RBAC, tags, and policies appropriate for the mode.",Medium,❌,✅,✅,Data Ops,Standardized wording; aligns to blueprint intent.,,,,,
F.13.3.A,F.13.3.A.T1,Design & Configure,Design the option pattern and configure required platform objects/policies.,Low,✅,✅,✅,Owner,Standardized wording; aligns to blueprint intent.,,,,,
F.13.3.A,F.13.3.A.T2,Observability & Governance,"Set up monitoring/alerts and apply RBAC, tags, and policies appropriate for the mode.",Medium,❌,✅,✅,Data Ops,Standardized wording; aligns to blueprint intent.,,,,,
F.13.3.B,F.13.3.B.T1,Design & Configure,Design the option pattern and configure required platform objects/policies.,Medium,❌,✅,✅,Owner,Standardized wording; aligns to blueprint intent.,,,,,
F.13.3.B,F.13.3.B.T2,Observability & Governance,"Set up monitoring/alerts and apply RBAC, tags, and policies appropriate for the mode.",Medium,❌,✅,✅,Data Ops,Standardized wording; aligns to blueprint intent.,,,,,
F.13.3.C,F.13.3.C.T1,Design & Configure,Design the option pattern and configure required platform objects/policies.,High,❌,⚙️,✅,Owner,Standardized wording; aligns to blueprint intent.,,,,,
F.13.3.C,F.13.3.C.T2,Observability & Governance,"Set up monitoring/alerts and apply RBAC, tags, and policies appropriate for the mode.",Medium,❌,✅,✅,Data Ops,Standardized wording; aligns to blueprint intent.,,,,,
F.13.4.A,F.13.4.A.T1,Design & Configure,Design the option pattern and configure required platform objects/policies.,Low,✅,✅,✅,Owner,Standardized wording; aligns to blueprint intent.,,,,,
F.13.4.A,F.13.4.A.T2,Observability & Governance,"Set up monitoring/alerts and apply RBAC, tags, and policies appropriate for the mode.",Medium,❌,✅,✅,Data Ops,Standardized wording; aligns to blueprint intent.,,,,,
F.13.4.B,F.13.4.B.T1,Design & Configure,Design the option pattern and configure required platform objects/policies.,Medium,❌,✅,✅,Owner,Standardized wording; aligns to blueprint intent.,,,,,
F.13.4.B,F.13.4.B.T2,Observability & Governance,"Set up monitoring/alerts and apply RBAC, tags, and policies appropriate for the mode.",Medium,❌,✅,✅,Data Ops,Standardized wording; aligns to blueprint intent.,,,,,
F.13.4.C,F.13.4.C.T1,Design & Configure,Design the option pattern and configure required platform objects/policies.,High,❌,⚙️,✅,Owner,Standardized wording; aligns to blueprint intent.,,,,,
F.13.4.C,F.13.4.C.T2,Observability & Governance,"Set up monitoring/alerts and apply RBAC, tags, and policies appropriate for the mode.",Medium,❌,✅,✅,Data Ops,Standardized wording; aligns to blueprint intent.,,,,,
F.13.5.A,F.13.5.A.T1,Design & Configure,Design the option pattern and configure required platform objects/policies.,Low,✅,✅,✅,Owner,Standardized wording; aligns to blueprint intent.,,,,,
F.13.5.A,F.13.5.A.T2,Observability & Governance,"Set up monitoring/alerts and apply RBAC, tags, and policies appropriate for the mode.",Medium,❌,✅,✅,Data Ops,Standardized wording; aligns to blueprint intent.,,,,,
F.13.5.B,F.13.5.B.T1,Design & Configure,Design the option pattern and configure required platform objects/policies.,Medium,❌,✅,✅,Owner,Standardized wording; aligns to blueprint intent.,,,,,
F.13.5.B,F.13.5.B.T2,Observability & Governance,"Set up monitoring/alerts and apply RBAC, tags, and policies appropriate for the mode.",Medium,❌,✅,✅,Data Ops,Standardized wording; aligns to blueprint intent.,,,,,
F.13.5.C,F.13.5.C.T1,Design & Configure,Design the option pattern and configure required platform objects/policies.,High,❌,⚙️,✅,Owner,Standardized wording; aligns to blueprint intent.,,,,,
F.13.5.C,F.13.5.C.T2,Observability & Governance,"Set up monitoring/alerts and apply RBAC, tags, and policies appropriate for the mode.",Medium,❌,✅,✅,Data Ops,Standardized wording; aligns to blueprint intent.,,,,,
F.13.6.A,F.13.6.A.T1,Design & Configure,Design the option pattern and configure required platform objects/policies.,Low,✅,✅,✅,Owner,Standardized wording; aligns to blueprint intent.,,,,,
F.13.6.A,F.13.6.A.T2,Observability & Governance,"Set up monitoring/alerts and apply RBAC, tags, and policies appropriate for the mode.",Medium,❌,✅,✅,Data Ops,Standardized wording; aligns to blueprint intent.,,,,,
F.13.6.B,F.13.6.B.T1,Design & Configure,Design the option pattern and configure required platform objects/policies.,Medium,❌,✅,✅,Owner,Standardized wording; aligns to blueprint intent.,,,,,
F.13.6.B,F.13.6.B.T2,Observability & Governance,"Set up monitoring/alerts and apply RBAC, tags, and policies appropriate for the mode.",Medium,❌,✅,✅,Data Ops,Standardized wording; aligns to blueprint intent.,,,,,
F.13.6.C,F.13.6.C.T1,Design & Configure,Design the option pattern and configure required platform objects/policies.,High,❌,⚙️,✅,Owner,Standardized wording; aligns to blueprint intent.,,,,,
F.13.6.C,F.13.6.C.T2,Observability & Governance,"Set up monitoring/alerts and apply RBAC, tags, and policies appropriate for the mode.",Medium,❌,✅,✅,Data Ops,Standardized wording; aligns to blueprint intent.,,,,,
