Parent Page,Page Title,Page Type,Code / Ref,Description / Notes,Complexity,Mode Applicability,Validation / Cleanup Flag,Labels,Recommended Action
F.08 – Security & Governance,F.08.1 – Dashboards,Subcomponent,F.08.1,Standardized structure from sources; replace text in parentheses if present to match Confluence wording.,,,Viable,blueprint;subcomponent;F.08,Create or Update
F.08.1 – Dashboards,F.08.1.A – RBAC & Object Tagging,Option,F.08.1.A,"Roles/grants, object tags; least-privilege.",Medium,MVP:✅ Prod:✅ Ent:✅,Viable,blueprint;option;F.08,Create or Update
F.08.1.A – RBAC & Object Tagging,Tasks – F.08.1.A,Tasks,F.08.1.A,"Tasks filtered by OptionRef=F.08.1.A. diverse user needs.•  •  16 •  •  1.  2.  3.  4.  5.  6.  17 22F.08.1 – Dashboards  Overview: Displays key metrics and KPIs visually via dashboards. This subcomponent delivers data insights through dashboards . Options (F.08.1) F.08.1.A – Existing BI Tool Dashboards (Low, MVP): Use an existing business intelligence…",,,,blueprint;tasks;F.08,Create or Update
F.08.1 – Dashboards,F.08.1.B – Data Masking / Row Access Policies,Option,F.08.1.B,"Dynamic masking & row-level controls. ) F.08.1.A – Existing BI Tool Dashboards (Low, MVP): Use an existing business intelligence tool (Power BI, Tableau, etc.) to create dashboards on top of Snowflake data. Low complexity as it leverages known tools – immediate value at MVP.  F.08.1.B – Snowsight Dashboards (Low, MVP): Utilize Snowflake Snowsight’s native…",High,MVP:❌ Prod:✅ Ent:✅,Viable,blueprint;option;F.08,Create or Update
F.08.1.B – Data Masking / Row Access Policies,Tasks – F.08.1.B,Tasks,F.08.1.B,"Tasks filtered by OptionRef=F.08.1.B. ) F.08.1.A – Existing BI Tool Dashboards (Low, MVP): Use an existing business intelligence tool (Power BI, Tableau, etc.) to create dashboards on top of Snowflake data. Low complexity as it leverages known tools – immediate value at MVP.  F.08.1.B – Snowsight Dashboards (Low, MVP): Utilize Snowflake Snowsight’s native…",,,,blueprint;tasks;F.08,Create or Update
F.08.1 – Dashboards,F.08.1.C – Identity & Key Management (SSO/SCIM/KMS),Option,F.08.1.C,SSO/SCIM integration; key rotation; IP policies.,Medium,MVP:❌ Prod:✅ Ent:✅,Viable,blueprint;option;F.08,Create or Update
F.08.1.C – Identity & Key Management (SSO/SCIM/KMS),Tasks – F.08.1.C,Tasks,F.08.1.C,"Tasks filtered by OptionRef=F.08.1.C. wn tools – immediate value at MVP.  F.08.1.B – Snowsight Dashboards (Low, MVP): Utilize Snowflake Snowsight’s native dashboarding for quick internal visualization. Low complexity, but limited features; can be done at MVP for convenience.  F.08.1.C – Custom Dashboard App (Medium, Enterprise): Develop a custom web…",,,,blueprint;tasks;F.08,Create or Update
F.08 – Security & Governance,F.08.2 – Self Service Analytics,Subcomponent,F.08.2,Standardized structure from sources; replace text in parentheses if present to match Confluence wording.,,,Viable,blueprint;subcomponent;F.08,Create or Update
F.08.2 – Self Service Analytics,F.08.2.A – RBAC & Object Tagging,Option,F.08.2.A,"Roles/grants, object tags; least-privilege.",Medium,MVP:✅ Prod:✅ Ent:✅,Viable,blueprint;option;F.08,Create or Update
F.08.2.A – RBAC & Object Tagging,Tasks – F.08.2.A,Tasks,F.08.2.A,"Tasks filtered by OptionRef=F.08.2.A. Self Service Analytics  Overview: Empowers users to perform ad-hoc analysis independently (self-service BI). This subcomponent enables self-service data exploration for users .18 18 •  •  •  1.  2.  3.  4.  5.  18 18 18 23Options (F.08.2) F.08.2.A – Managed Self-Service in BI Tool (Low, Production): Enable…",,,,blueprint;tasks;F.08,Create or Update
F.08.2 – Self Service Analytics,F.08.2.B – Data Masking / Row Access Policies,Option,F.08.2.B,"Dynamic masking & row-level controls. oduction): Enable self-service in a governed way via the BI tool (provide a semantic layer or curated datasets that power users can drag-and- drop to create their own reports). Low to Medium complexity; likely starts by Production stage.  F.08.2.B – Ad-hoc SQL Access (Medium, MVP): Give skilled users read access to…",High,MVP:❌ Prod:✅ Ent:✅,Viable,blueprint;option;F.08,Create or Update
F.08.2.B – Data Masking / Row Access Policies,Tasks – F.08.2.B,Tasks,F.08.2.B,"Tasks filtered by OptionRef=F.08.2.B. oduction): Enable self-service in a governed way via the BI tool (provide a semantic layer or curated datasets that power users can drag-and- drop to create their own reports). Low to Medium complexity; likely starts by Production stage.  F.08.2.B – Ad-hoc SQL Access (Medium, MVP): Give skilled users read access to…",,,,blueprint;tasks;F.08,Create or Update
F.08.2 – Self Service Analytics,F.08.2.C – Identity & Key Management (SSO/SCIM/KMS),Option,F.08.2.C,SSO/SCIM integration; key rotation; IP policies.,Medium,MVP:❌ Prod:✅ Ent:✅,Viable,blueprint;option;F.08,Create or Update
F.08.2.C – Identity & Key Management (SSO/SCIM/KMS),Tasks – F.08.2.C,Tasks,F.08.2.C,"Tasks filtered by OptionRef=F.08.2.C. e skilled users read access to Snowflake (or a sandbox database) so they can run their own SQL queries on curated data. Low initial tech complexity but requires user skill and some governance. Could be done at MVP for tech-savvy analysts.  F.08.2.C – Data Exploration Tool (Medium, Enterprise): Deploy a dedicated…",,,,blueprint;tasks;F.08,Create or Update
F.09 – Observability & FinOps,F.09.1 – Infrastructure Observability,Subcomponent,F.09.1,Standardized structure from sources; replace text in parentheses if present to match Confluence wording.,,,Viable,blueprint;subcomponent;F.09,Create or Update
F.09.1 – Infrastructure Observability,F.09.1.A – Platform & Pipeline Monitoring,Option,F.09.1.A,"ACCOUNT_USAGE views; pipeline metrics. 18 24F.09.1 – Infrastructure Observability  Overview: Monitors the underlying cloud infrastructure supporting the data platform. This subcomponent handles tracking of infrastructure metrics (compute, storage, network) . Options (F.09.1) F.09.1.A – Basic Cloud Monitoring (Low, MVP): Rely on built-in cloud monitors (AWS…",Low,MVP:✅ Prod:✅ Ent:✅,Viable,blueprint;option;F.09,Create or Update
F.09.1.A – Platform & Pipeline Monitoring,Tasks – F.09.1.A,Tasks,F.09.1.A,"Tasks filtered by OptionRef=F.09.1.A. 18 24F.09.1 – Infrastructure Observability  Overview: Monitors the underlying cloud infrastructure supporting the data platform. This subcomponent handles tracking of infrastructure metrics (compute, storage, network) . Options (F.09.1) F.09.1.A – Basic Cloud Monitoring (Low, MVP): Rely on built-in cloud monitors (AWS…",,,,blueprint;tasks;F.09,Create or Update
F.09.1 – Infrastructure Observability,"F.09.1.B – Alerting, SLOs & Incidents",Option,F.09.1.B,Threshold alerts; on-call; retries; SLAs.,Medium,MVP:❌ Prod:✅ Ent:✅,Viable,blueprint;option;F.09,Create or Update
"F.09.1.B – Alerting, SLOs & Incidents",Tasks – F.09.1.B,Tasks,F.09.1.B,"Tasks filtered by OptionRef=F.09.1.B. tions (F.09.1) F.09.1.A – Basic Cloud Monitoring (Low, MVP): Rely on built-in cloud monitors (AWS CloudWatch/Azure Monitor) for Snowflake usage (where applicable) and any supporting VMs or services. Low complexity – leverage what exists.  F.09.1.B – External Monitoring Tool (Medium, Production): Integrate an…",,,,blueprint;tasks;F.09,Create or Update
F.09.1 – Infrastructure Observability,"F.09.1.C – FinOps (Budgets, Chargeback)",Option,F.09.1.C,Resource monitors; credit tags; cost reporting.,Medium,MVP:❌ Prod:✅ Ent:✅,Viable,blueprint;option;F.09,Create or Update
"F.09.1.C – FinOps (Budgets, Chargeback)",Tasks – F.09.1.C,Tasks,F.09.1.C,"Tasks filtered by OptionRef=F.09.1.C. edium, Production): Integrate an observability tool (e.g. Datadog, New Relic) to aggregate infrastructure metrics (warehouse CPU, memory, credit usage, etc.) and set alerts. Medium complexity; likely by Production to get unified insight.  F.09.1.C – Custom Dashboards/Alerts (Medium, Production): Build custom…",,,,blueprint;tasks;F.09,Create or Update
F.09 – Observability & FinOps,F.09.2 – Security Observability,Subcomponent,F.09.2,Standardized structure from sources; replace text in parentheses if present to match Confluence wording.,,,Viable,blueprint;subcomponent;F.09,Create or Update
F.09.2 – Security Observability,F.09.2.A – Platform & Pipeline Monitoring,Option,F.09.2.A,"ACCOUNT_USAGE views; pipeline metrics. 3.  4.  5.  20 25F.09.2 – Security Observability  Overview: Tracks and monitors the platform’s security posture – logins, access patterns, etc. This subcomponent monitors security-related metrics and events . Options (F.09.2) F.09.2.A – Snowflake Security Monitoring (Low, MVP): Use Snowflake’s own logs (e.g.…",Low,MVP:✅ Prod:✅ Ent:✅,Viable,blueprint;option;F.09,Create or Update
F.09.2.A – Platform & Pipeline Monitoring,Tasks – F.09.2.A,Tasks,F.09.2.A,"Tasks filtered by OptionRef=F.09.2.A. 3.  4.  5.  20 25F.09.2 – Security Observability  Overview: Tracks and monitors the platform’s security posture – logins, access patterns, etc. This subcomponent monitors security-related metrics and events . Options (F.09.2) F.09.2.A – Snowflake Security Monitoring (Low, MVP): Use Snowflake’s own logs (e.g.…",,,,blueprint;tasks;F.09,Create or Update
F.09.2 – Security Observability,"F.09.2.B – Alerting, SLOs & Incidents",Option,F.09.2.B,Threshold alerts; on-call; retries; SLAs.,Medium,MVP:❌ Prod:✅ Ent:✅,Viable,blueprint;option;F.09,Create or Update
"F.09.2.B – Alerting, SLOs & Incidents",Tasks – F.09.2.B,Tasks,F.09.2.B,"Tasks filtered by OptionRef=F.09.2.B. 09.2) F.09.2.A – Snowflake Security Monitoring (Low, MVP): Use Snowflake’s own logs (e.g. QUERY_HISTORY, LOGIN_HISTORY views) and basic alerts (like login notifications) to keep an eye on security events. Low complexity, built-in to MVP.  F.09.2.B – SIEM Integration (Medium, Production): Integrate Snowflake logs with…",,,,blueprint;tasks;F.09,Create or Update
F.09.2 – Security Observability,"F.09.2.C – FinOps (Budgets, Chargeback)",Option,F.09.2.C,Resource monitors; credit tags; cost reporting.,Medium,MVP:❌ Prod:✅ Ent:✅,Viable,blueprint;option;F.09,Create or Update
"F.09.2.C – FinOps (Budgets, Chargeback)",Tasks – F.09.2.C,Tasks,F.09.2.C,"Tasks filtered by OptionRef=F.09.2.C. owflake logs with a Security Information and Event Management system (e.g. Splunk, Azure Sentinel) to get enterprise-grade monitoring and alerting on suspicious activity. Medium complexity, done by Production for centralized security ops.  F.09.2.C – Anomaly Detection for Security (High, Enterprise): Implement…",,,,blueprint;tasks;F.09,Create or Update
F.09 – Observability & FinOps,F.09.3 – SaaS Platform Usage Observability,Subcomponent,F.09.3,Standardized structure from sources; replace text in parentheses if present to match Confluence wording.,,,Viable,blueprint;subcomponent;F.09,Create or Update
F.09.3 – SaaS Platform Usage Observability,F.09.3.A – Platform & Pipeline Monitoring,Option,F.09.3.A,"ACCOUNT_USAGE views; pipeline metrics. ves usage and consumption patterns of the SaaS data platform (Snowflake usage, etc.). This subcomponent monitors how the platform is being used (query volumes, user activity) .19 19 •  •  •  1.  2.  3.  4.  5.  21 19 20 26Options (F.09.3) F.09.3.A – Snowflake Account Usage Views (Low, MVP): Use Snowflake’s…",Low,MVP:✅ Prod:✅ Ent:✅,Viable,blueprint;option;F.09,Create or Update
F.09.3.A – Platform & Pipeline Monitoring,Tasks – F.09.3.A,Tasks,F.09.3.A,"Tasks filtered by OptionRef=F.09.3.A. ves usage and consumption patterns of the SaaS data platform (Snowflake usage, etc.). This subcomponent monitors how the platform is being used (query volumes, user activity) .19 19 •  •  •  1.  2.  3.  4.  5.  21 19 20 26Options (F.09.3) F.09.3.A – Snowflake Account Usage Views (Low, MVP): Use Snowflake’s…",,,,blueprint;tasks;F.09,Create or Update
F.09.3 – SaaS Platform Usage Observability,"F.09.3.B – Alerting, SLOs & Incidents",Option,F.09.3.B,Threshold alerts; on-call; retries; SLAs.,Medium,MVP:❌ Prod:✅ Ent:✅,Viable,blueprint;option;F.09,Create or Update
"F.09.3.B – Alerting, SLOs & Incidents",Tasks – F.09.3.B,Tasks,F.09.3.B,"Tasks filtered by OptionRef=F.09.3.B. ke Account Usage Views (Low, MVP): Use Snowflake’s ACCOUNT_USAGE schema and Information Schema to track usage stats (e.g. query counts by user , warehouse credit usage by department). Low complexity, readily available for MVP monitoring.  F.09.3.B – Usage Analytics Dashboard (Medium, Production): Build internal…",,,,blueprint;tasks;F.09,Create or Update
F.09.3 – SaaS Platform Usage Observability,"F.09.3.C – FinOps (Budgets, Chargeback)",Option,F.09.3.C,Resource monitors; credit tags; cost reporting.,Medium,MVP:❌ Prod:✅ Ent:✅,Viable,blueprint;option;F.09,Create or Update
"F.09.3.C – FinOps (Budgets, Chargeback)",Tasks – F.09.3.C,Tasks,F.09.3.C,"Tasks filtered by OptionRef=F.09.3.C. internal dashboards or reports that summarize platform usage (top users, most expensive queries, frequent errors) to share with stakeholders. Medium complexity – a value-add by Production to show platform ROI and identify training needs.  F.09.3.C – Chargeback/Tagging System (Medium, Enterprise): Implement tagging of…",,,,blueprint;tasks;F.09,Create or Update
F.09 – Observability & FinOps,F.09.4 – Engineering Pipeline Observability,Subcomponent,F.09.4,Standardized structure from sources; replace text in parentheses if present to match Confluence wording.,,,Viable,blueprint;subcomponent;F.09,Create or Update
F.09.4 – Engineering Pipeline Observability,F.09.4.A – Platform & Pipeline Monitoring,Option,F.09.4.A,"ACCOUNT_USAGE views; pipeline metrics. .09.4 – Engineering Pipeline Observability  Overview: Monitors the data pipeline workflows from an engineering perspective (successful runs, failures, performance). This subcomponent tracks pipeline job execution health . Options (F.09.4) F.09.4.A – Pipeline Logs in Orchestrator (Low, MVP): Rely on the orchestration…",Low,MVP:✅ Prod:✅ Ent:✅,Viable,blueprint;option;F.09,Create or Update
F.09.4.A – Platform & Pipeline Monitoring,Tasks – F.09.4.A,Tasks,F.09.4.A,"Tasks filtered by OptionRef=F.09.4.A. .09.4 – Engineering Pipeline Observability  Overview: Monitors the data pipeline workflows from an engineering perspective (successful runs, failures, performance). This subcomponent tracks pipeline job execution health . Options (F.09.4) F.09.4.A – Pipeline Logs in Orchestrator (Low, MVP): Rely on the orchestration…",,,,blueprint;tasks;F.09,Create or Update
F.09.4 – Engineering Pipeline Observability,"F.09.4.B – Alerting, SLOs & Incidents",Option,F.09.4.B,Threshold alerts; on-call; retries; SLAs.,Medium,MVP:❌ Prod:✅ Ent:✅,Viable,blueprint;option;F.09,Create or Update
"F.09.4.B – Alerting, SLOs & Incidents",Tasks – F.09.4.B,Tasks,F.09.4.B,"Tasks filtered by OptionRef=F.09.4.B. ions (F.09.4) F.09.4.A – Pipeline Logs in Orchestrator (Low, MVP): Rely on the orchestration tool’s UI or logs (Airflow, etc.) to monitor pipeline statuses. Low complexity – built into the orchestrator , suitable at MVP/Production start.  F.09.4.B – Central Pipeline Monitoring Dashboard (Medium, Production): Build a…",,,,blueprint;tasks;F.09,Create or Update
F.09.4 – Engineering Pipeline Observability,"F.09.4.C – FinOps (Budgets, Chargeback)",Option,F.09.4.C,Resource monitors; credit tags; cost reporting.,Medium,MVP:❌ Prod:✅ Ent:✅,Viable,blueprint;option;F.09,Create or Update
"F.09.4.C – FinOps (Budgets, Chargeback)",Tasks – F.09.4.C,Tasks,F.09.4.C,"Tasks filtered by OptionRef=F.09.4.C. Medium, Production): Build a unified view of all pipeline runs (across possibly multiple tools) with status, timings, and error details. Medium complexity, perhaps by aggregating metadata from Airflow’s DB or custom logging into a table.  F.09.4.C – Alerting on Failures/SLAs (Medium, Production): Set up automated…",,,,blueprint;tasks;F.09,Create or Update
F.09 – Observability & FinOps,F.09.5 – Data Pipeline Payload  Observability,Subcomponent,F.09.5,Standardized structure from sources; replace text in parentheses if present to match Confluence wording.,,,Viable,blueprint;subcomponent;F.09,Create or Update
F.09.5 – Data Pipeline Payload  Observability,F.09.5.A – Platform & Pipeline Monitoring,Option,F.09.5.A,"ACCOUNT_USAGE views; pipeline metrics. ata Pipeline Payload Observability  Overview: Validates that the data flowing through pipelines is delivered and complete (i.e. no data loss or duplication). This subcomponent verifies the data payload within pipelines . Options (F.09.5) F.09.5.A – Record Counts & Simple Reconciliation (Low, MVP): Implement row count…",Low,MVP:✅ Prod:✅ Ent:✅,Viable,blueprint;option;F.09,Create or Update
F.09.5.A – Platform & Pipeline Monitoring,Tasks – F.09.5.A,Tasks,F.09.5.A,"Tasks filtered by OptionRef=F.09.5.A. ata Pipeline Payload Observability  Overview: Validates that the data flowing through pipelines is delivered and complete (i.e. no data loss or duplication). This subcomponent verifies the data payload within pipelines . Options (F.09.5) F.09.5.A – Record Counts & Simple Reconciliation (Low, MVP): Implement row count…",,,,blueprint;tasks;F.09,Create or Update
F.09.5 – Data Pipeline Payload  Observability,"F.09.5.B – Alerting, SLOs & Incidents",Option,F.09.5.B,Threshold alerts; on-call; retries; SLAs.,Medium,MVP:❌ Prod:✅ Ent:✅,Viable,blueprint;option;F.09,Create or Update
"F.09.5.B – Alerting, SLOs & Incidents",Tasks – F.09.5.B,Tasks,F.09.5.B,"Tasks filtered by OptionRef=F.09.5.B. . Options (F.09.5) F.09.5.A – Record Counts & Simple Reconciliation (Low, MVP): Implement row count or checksum comparisons between source and target after batch loads to ensure completeness. Low complexity, a good starting point at MVP.  F.09.5.B – Data Profiling Reports (Medium, Production): Generate routine data…",,,,blueprint;tasks;F.09,Create or Update
F.09.5 – Data Pipeline Payload  Observability,"F.09.5.C – FinOps (Budgets, Chargeback)",Option,F.09.5.C,Resource monitors; credit tags; cost reporting.,Medium,MVP:❌ Prod:✅ Ent:✅,Viable,blueprint;option;F.09,Create or Update
"F.09.5.C – FinOps (Budgets, Chargeback)",Tasks – F.09.5.C,Tasks,F.09.5.C,"Tasks filtered by OptionRef=F.09.5.C. F.09.5.B – Data Profiling Reports (Medium, Production): Generate routine data profiling stats (min, max, null counts) for key tables and compare over time to detect anomalies or missing data. Medium complexity, adds depth by Production.  F.09.5.C – Source vs Target Audit Framework (Medium, Production): Build an audit…",,,,blueprint;tasks;F.09,Create or Update
F.09 – Observability & FinOps,F.09.6 – Data Quality Drift Observability,Subcomponent,F.09.6,Standardized structure from sources; replace text in parentheses if present to match Confluence wording.,,,Viable,blueprint;subcomponent;F.09,Create or Update
F.09.6 – Data Quality Drift Observability,F.09.6.A – Platform & Pipeline Monitoring,Option,F.09.6.A,"ACCOUNT_USAGE views; pipeline metrics. ty Drift Observability  Overview: Monitors data quality metrics over time to detect drift or anomalies in data content. This subcomponent focuses on identifying when data characteristics change unexpectedly . Options (F.09.6) F.09.6.A – Key Quality Metrics Tracking (Medium, Production): Define key quality indicators…",Low,MVP:✅ Prod:✅ Ent:✅,Viable,blueprint;option;F.09,Create or Update
F.09.6.A – Platform & Pipeline Monitoring,Tasks – F.09.6.A,Tasks,F.09.6.A,"Tasks filtered by OptionRef=F.09.6.A. ty Drift Observability  Overview: Monitors data quality metrics over time to detect drift or anomalies in data content. This subcomponent focuses on identifying when data characteristics change unexpectedly . Options (F.09.6) F.09.6.A – Key Quality Metrics Tracking (Medium, Production): Define key quality indicators…",,,,blueprint;tasks;F.09,Create or Update
F.09.6 – Data Quality Drift Observability,"F.09.6.B – Alerting, SLOs & Incidents",Option,F.09.6.B,Threshold alerts; on-call; retries; SLAs.,Medium,MVP:❌ Prod:✅ Ent:✅,Viable,blueprint;option;F.09,Create or Update
"F.09.6.B – Alerting, SLOs & Incidents",Tasks – F.09.6.B,Tasks,F.09.6.B,"Tasks filtered by OptionRef=F.09.6.B. y Metrics Tracking (Medium, Production): Define key quality indicators (e.g. distribution of values, null rates, outliers count) for important fields and track them daily. Medium complexity – done by Production as data volumes stabilize.  F.09.6.B – Anomaly Detection Tools (High, Enterprise): Use a statistical or…",,,,blueprint;tasks;F.09,Create or Update
F.09.6 – Data Quality Drift Observability,"F.09.6.C – FinOps (Budgets, Chargeback)",Option,F.09.6.C,Resource monitors; credit tags; cost reporting.,Medium,MVP:❌ Prod:✅ Ent:✅,Viable,blueprint;option;F.09,Create or Update
"F.09.6.C – FinOps (Budgets, Chargeback)",Tasks – F.09.6.C,Tasks,F.09.6.C,"Tasks filtered by OptionRef=F.09.6.C. on Tools (High, Enterprise): Use a statistical or ML-based anomaly detection on datasets (e.g. run ML models to detect unusual patterns, sudden shifts). High complexity, likely at Enterprise when manual threshold-setting is insufficient.  F.09.6.C – Data Drift Alerts (Medium, Enterprise): Implement alerts specifically…",,,,blueprint;tasks;F.09,Create or Update
F.10 – Platform Operations,F.10.1 – DataOps Practices,Subcomponent,F.10.1,Standardized structure from sources; replace text in parentheses if present to match Confluence wording.,,,Viable,blueprint;subcomponent;F.10,Create or Update
F.10.1 – DataOps Practices,F.10.1.A – Environment Management (Dev/Test/Prod),Option,F.10.1.A,"Isolated envs; promotion flow. es  Overview: Applies DevOps principles to data pipeline development to improve reliability and speed. This subcomponent focuses on DataOps – automation of data pipeline deployment, testing, and collaboration . Options (F.10.1) F.10.1.A – Basic Version Control (Low, MVP): Use Git (or similar) for version control of…",Medium,MVP:❌ Prod:✅ Ent:✅,Viable,blueprint;option;F.10,Create or Update
F.10.1.A – Environment Management (Dev/Test/Prod),Tasks – F.10.1.A,Tasks,F.10.1.A,"Tasks filtered by OptionRef=F.10.1.A. es  Overview: Applies DevOps principles to data pipeline development to improve reliability and speed. This subcomponent focuses on DataOps – automation of data pipeline deployment, testing, and collaboration . Options (F.10.1) F.10.1.A – Basic Version Control (Low, MVP): Use Git (or similar) for version control of…",,,,blueprint;tasks;F.10,Create or Update
F.10.1 – DataOps Practices,F.10.1.B – CI/CD for Data & Infra,Option,F.10.1.B,"Deploy SQL/dbt/infra via pipelines. sting, and collaboration . Options (F.10.1) F.10.1.A – Basic Version Control (Low, MVP): Use Git (or similar) for version control of SQL scripts, dbt projects, etc. and manual deploys. Low complexity, a starting DataOps practice at MVP.  F.10.1.B – CI/CD for Data Pipelines (Medium, Production): Implement continuous…",High,MVP:❌ Prod:⚙️ Ent:✅,Viable,blueprint;option;F.10,Create or Update
F.10.1.B – CI/CD for Data & Infra,Tasks – F.10.1.B,Tasks,F.10.1.B,"Tasks filtered by OptionRef=F.10.1.B. sting, and collaboration . Options (F.10.1) F.10.1.A – Basic Version Control (Low, MVP): Use Git (or similar) for version control of SQL scripts, dbt projects, etc. and manual deploys. Low complexity, a starting DataOps practice at MVP.  F.10.1.B – CI/CD for Data Pipelines (Medium, Production): Implement continuous…",,,,blueprint;tasks;F.10,Create or Update
F.10.1 – DataOps Practices,F.10.1.C – Backup/Recovery & DR,Option,F.10.1.C,"Failover/replication; RPO/RTO policies. um, Production): Implement continuous integration (automated testing of SQL, linting) and continuous deployment to Snowflake (automated promotion of code from dev to prod). Medium complexity; done by Production to speed up safe releases.  F.10.1.C – Infrastructure as Code (Medium, Production): Manage infrastructure…",High,MVP:❌ Prod:⚙️ Ent:✅,Viable,blueprint;option;F.10,Create or Update
F.10.1.C – Backup/Recovery & DR,Tasks – F.10.1.C,Tasks,F.10.1.C,"Tasks filtered by OptionRef=F.10.1.C. um, Production): Implement continuous integration (automated testing of SQL, linting) and continuous deployment to Snowflake (automated promotion of code from dev to prod). Medium complexity; done by Production to speed up safe releases.  F.10.1.C – Infrastructure as Code (Medium, Production): Manage infrastructure…",,,,blueprint;tasks;F.10,Create or Update
F.10 – Platform Operations,F.10.2 – DataSecOps Integration,Subcomponent,F.10.2,Standardized structure from sources; replace text in parentheses if present to match Confluence wording.,,,Viable,blueprint;subcomponent;F.10,Create or Update
F.10.2 – DataSecOps Integration,F.10.2.A – Environment Management (Dev/Test/Prod),Option,F.10.2.A,"Isolated envs; promotion flow. Integrates data security practices into DataOps – ensuring security is built into data pipelines (DevSecOps applied to data). This subcomponent ensures security is not an afterthought but part of the development process . Options (F.10.2) F.10.2.A – Security Guidelines & Reviews (Low, MVP): Have basic security…",Medium,MVP:❌ Prod:✅ Ent:✅,Viable,blueprint;option;F.10,Create or Update
F.10.2.A – Environment Management (Dev/Test/Prod),Tasks – F.10.2.A,Tasks,F.10.2.A,"Tasks filtered by OptionRef=F.10.2.A. Integrates data security practices into DataOps – ensuring security is built into data pipelines (DevSecOps applied to data). This subcomponent ensures security is not an afterthought but part of the development process . Options (F.10.2) F.10.2.A – Security Guidelines & Reviews (Low, MVP): Have basic security…",,,,blueprint;tasks;F.10,Create or Update
F.10.2 – DataSecOps Integration,F.10.2.B – CI/CD for Data & Infra,Option,F.10.2.B,"Deploy SQL/dbt/infra via pipelines. Options (F.10.2) F.10.2.A – Security Guidelines & Reviews (Low, MVP): Have basic security guidelines (e.g. do not hardcode credentials, follow PII handling rules) and include security checks in code review. Low complexity, start at MVP.  F.10.2.B – Automated Security Scans (Medium, Production): Use tools to scan code…",High,MVP:❌ Prod:⚙️ Ent:✅,Viable,blueprint;option;F.10,Create or Update
F.10.2.B – CI/CD for Data & Infra,Tasks – F.10.2.B,Tasks,F.10.2.B,"Tasks filtered by OptionRef=F.10.2.B. Options (F.10.2) F.10.2.A – Security Guidelines & Reviews (Low, MVP): Have basic security guidelines (e.g. do not hardcode credentials, follow PII handling rules) and include security checks in code review. Low complexity, start at MVP.  F.10.2.B – Automated Security Scans (Medium, Production): Use tools to scan code…",,,,blueprint;tasks;F.10,Create or Update
F.10.2 – DataSecOps Integration,F.10.2.C – Backup/Recovery & DR,Option,F.10.2.C,"Failover/replication; RPO/RTO policies. 2.B – Automated Security Scans (Medium, Production): Use tools to scan code for secrets, run static analysis on SQL/Python for vulnerabilities or privacy issues. Medium complexity – implement by Production for continuous security checks.  F.10.2.C – Access Control as Code (Medium, Production): Manage Snowflake role…",High,MVP:❌ Prod:⚙️ Ent:✅,Viable,blueprint;option;F.10,Create or Update
F.10.2.C – Backup/Recovery & DR,Tasks – F.10.2.C,Tasks,F.10.2.C,"Tasks filtered by OptionRef=F.10.2.C. 2.B – Automated Security Scans (Medium, Production): Use tools to scan code for secrets, run static analysis on SQL/Python for vulnerabilities or privacy issues. Medium complexity – implement by Production for continuous security checks.  F.10.2.C – Access Control as Code (Medium, Production): Manage Snowflake role…",,,,blueprint;tasks;F.10,Create or Update
F.10 – Platform Operations,F.10.3 – FinOps (Cost Optimization),Subcomponent,F.10.3,Standardized structure from sources; replace text in parentheses if present to match Confluence wording.,,,Viable,blueprint;subcomponent;F.10,Create or Update
F.10.3 – FinOps (Cost Optimization),F.10.3.A – Environment Management (Dev/Test/Prod),Option,F.10.3.A,"Isolated envs; promotion flow. 3 – FinOps (Cost Optimization)  Overview: Provides cost visibility and optimization for cloud usage of the data platform. This subcomponent focuses on tracking and optimizing Snowflake and related cloud costs . Options (F.10.3) F.10.3.A – Basic Cost Monitoring (Low, MVP): Use Snowflake’s usage billing reports and…",Medium,MVP:❌ Prod:✅ Ent:✅,Viable,blueprint;option;F.10,Create or Update
F.10.3.A – Environment Management (Dev/Test/Prod),Tasks – F.10.3.A,Tasks,F.10.3.A,"Tasks filtered by OptionRef=F.10.3.A. 3 – FinOps (Cost Optimization)  Overview: Provides cost visibility and optimization for cloud usage of the data platform. This subcomponent focuses on tracking and optimizing Snowflake and related cloud costs . Options (F.10.3) F.10.3.A – Basic Cost Monitoring (Low, MVP): Use Snowflake’s usage billing reports and…",,,,blueprint;tasks;F.10,Create or Update
F.10.3 – FinOps (Cost Optimization),F.10.3.B – CI/CD for Data & Infra,Option,F.10.3.B,"Deploy SQL/dbt/infra via pipelines. cloud costs . Options (F.10.3) F.10.3.A – Basic Cost Monitoring (Low, MVP): Use Snowflake’s usage billing reports and simple tracking (monthly spend per Snowflake account) to monitor cost. Low complexity, start at MVP to avoid surprises.  F.10.3.B – Cost Attribution (Medium, Production): Tag or otherwise attribute…",High,MVP:❌ Prod:⚙️ Ent:✅,Viable,blueprint;option;F.10,Create or Update
F.10.3.B – CI/CD for Data & Infra,Tasks – F.10.3.B,Tasks,F.10.3.B,"Tasks filtered by OptionRef=F.10.3.B. cloud costs . Options (F.10.3) F.10.3.A – Basic Cost Monitoring (Low, MVP): Use Snowflake’s usage billing reports and simple tracking (monthly spend per Snowflake account) to monitor cost. Low complexity, start at MVP to avoid surprises.  F.10.3.B – Cost Attribution (Medium, Production): Tag or otherwise attribute…",,,,blueprint;tasks;F.10,Create or Update
F.10.3 – FinOps (Cost Optimization),F.10.3.C – Backup/Recovery & DR,Option,F.10.3.C,"Failover/replication; RPO/RTO policies. n (Medium, Production): Tag or otherwise attribute costs to projects or departments (e.g. using separate warehouses or query tags) and produce granular cost reports. Medium complexity; done by Production for internal chargeback/showback.  F.10.3.C – Cost Optimization Initiatives (Medium, Production): Implement…",High,MVP:❌ Prod:⚙️ Ent:✅,Viable,blueprint;option;F.10,Create or Update
F.10.3.C – Backup/Recovery & DR,Tasks – F.10.3.C,Tasks,F.10.3.C,"Tasks filtered by OptionRef=F.10.3.C. n (Medium, Production): Tag or otherwise attribute costs to projects or departments (e.g. using separate warehouses or query tags) and produce granular cost reports. Medium complexity; done by Production for internal chargeback/showback.  F.10.3.C – Cost Optimization Initiatives (Medium, Production): Implement…",,,,blueprint;tasks;F.10,Create or Update
F.10 – Platform Operations,F.10.4 – Pattern Catalog,Subcomponent,F.10.4,Standardized structure from sources; replace text in parentheses if present to match Confluence wording.,,,Viable,blueprint;subcomponent;F.10,Create or Update
F.10.4 – Pattern Catalog,F.10.4.A – Environment Management (Dev/Test/Prod),Option,F.10.4.A,"Isolated envs; promotion flow. ance. F.10.4 – Pattern Catalog  Overview: Central repository of reusable platform patterns (templates, best practices) to accelerate development. This subcomponent hosts patterns and templates for common tasks . Options (F.10.4) F.10.4.A – Confluence/Doc Library (Low, MVP): Document common patterns (ingestion pattern,…",Medium,MVP:❌ Prod:✅ Ent:✅,Viable,blueprint;option;F.10,Create or Update
F.10.4.A – Environment Management (Dev/Test/Prod),Tasks – F.10.4.A,Tasks,F.10.4.A,"Tasks filtered by OptionRef=F.10.4.A. ance. F.10.4 – Pattern Catalog  Overview: Central repository of reusable platform patterns (templates, best practices) to accelerate development. This subcomponent hosts patterns and templates for common tasks . Options (F.10.4) F.10.4.A – Confluence/Doc Library (Low, MVP): Document common patterns (ingestion pattern,…",,,,blueprint;tasks;F.10,Create or Update
F.10.4 – Pattern Catalog,F.10.4.B – CI/CD for Data & Infra,Option,F.10.4.B,"Deploy SQL/dbt/infra via pipelines. r common tasks . Options (F.10.4) F.10.4.A – Confluence/Doc Library (Low, MVP): Document common patterns (ingestion pattern, SCD type 2 load, etc.) in Confluence or a wiki for engineers to copy-paste. Low complexity, initial step at MVP.  F.10.4.B – Code Template Repository (Medium, Production): Maintain a code…",High,MVP:❌ Prod:⚙️ Ent:✅,Viable,blueprint;option;F.10,Create or Update
F.10.4.B – CI/CD for Data & Infra,Tasks – F.10.4.B,Tasks,F.10.4.B,"Tasks filtered by OptionRef=F.10.4.B. r common tasks . Options (F.10.4) F.10.4.A – Confluence/Doc Library (Low, MVP): Document common patterns (ingestion pattern, SCD type 2 load, etc.) in Confluence or a wiki for engineers to copy-paste. Low complexity, initial step at MVP.  F.10.4.B – Code Template Repository (Medium, Production): Maintain a code…",,,,blueprint;tasks;F.10,Create or Update
F.10.4 – Pattern Catalog,F.10.4.C – Backup/Recovery & DR,Option,F.10.4.C,"Failover/replication; RPO/RTO policies. pository of reusable templates or scripts (Terraform modules for Snowflake, dbt macro packages, etc.) that developers can import. Medium complexity, by Production this improves productivity. 1.  2.  3.  4.  5.  6.  7.  8.  25 26 26 •  •  34F.10.4.C – Internal Package/Framework (High, Enterprise): Develop an internal…",High,MVP:❌ Prod:⚙️ Ent:✅,Viable,blueprint;option;F.10,Create or Update
F.10.4.C – Backup/Recovery & DR,Tasks – F.10.4.C,Tasks,F.10.4.C,"Tasks filtered by OptionRef=F.10.4.C. pository of reusable templates or scripts (Terraform modules for Snowflake, dbt macro packages, etc.) that developers can import. Medium complexity, by Production this improves productivity. 1.  2.  3.  4.  5.  6.  7.  8.  25 26 26 •  •  34F.10.4.C – Internal Package/Framework (High, Enterprise): Develop an internal…",,,,blueprint;tasks;F.10,Create or Update
F.10 – Platform Operations,F.10.5 – Runbooks,Subcomponent,F.10.5,Standardized structure from sources; replace text in parentheses if present to match Confluence wording.,,,Viable,blueprint;subcomponent;F.10,Create or Update
F.10.5 – Runbooks,F.10.5.A – Environment Management (Dev/Test/Prod),Option,F.10.5.A,"Isolated envs; promotion flow. .5 – Runbooks  Overview: Operational documentation for standard and incident tasks – instructions for handling common issues. This subcomponent provides runbooks for the platform .•  1.  2.  3.  4.  5.  6.  7.  26 26 27 35Options (F.10.5) F.10.5.A – Basic Troubleshooting Docs (Low, MVP): Create simple documents for…",Medium,MVP:❌ Prod:✅ Ent:✅,Viable,blueprint;option;F.10,Create or Update
F.10.5.A – Environment Management (Dev/Test/Prod),Tasks – F.10.5.A,Tasks,F.10.5.A,"Tasks filtered by OptionRef=F.10.5.A. .5 – Runbooks  Overview: Operational documentation for standard and incident tasks – instructions for handling common issues. This subcomponent provides runbooks for the platform .•  1.  2.  3.  4.  5.  6.  7.  26 26 27 35Options (F.10.5) F.10.5.A – Basic Troubleshooting Docs (Low, MVP): Create simple documents for…",,,,blueprint;tasks;F.10,Create or Update
F.10.5 – Runbooks,F.10.5.B – CI/CD for Data & Infra,Option,F.10.5.B,"Deploy SQL/dbt/infra via pipelines. Basic Troubleshooting Docs (Low, MVP): Create simple documents for common issues (e.g. “pipeline failure – steps to restart”; “how to restore a table from Time Travel”). Low complexity, done at MVP when handing over platform operations.  F.10.5.B – Structured Runbook Library (Medium, Production): Maintain a…",High,MVP:❌ Prod:⚙️ Ent:✅,Viable,blueprint;option;F.10,Create or Update
F.10.5.B – CI/CD for Data & Infra,Tasks – F.10.5.B,Tasks,F.10.5.B,"Tasks filtered by OptionRef=F.10.5.B. Basic Troubleshooting Docs (Low, MVP): Create simple documents for common issues (e.g. “pipeline failure – steps to restart”; “how to restore a table from Time Travel”). Low complexity, done at MVP when handing over platform operations.  F.10.5.B – Structured Runbook Library (Medium, Production): Maintain a…",,,,blueprint;tasks;F.10,Create or Update
F.10.5 – Runbooks,F.10.5.C – Backup/Recovery & DR,Option,F.10.5.C,"Failover/replication; RPO/RTO policies. uctured Runbook Library (Medium, Production): Maintain a well-organized library (in Confluence or similar) of runbooks covering many scenarios (incident response, maintenance tasks). Medium complexity – by Production when ops team grows.  F.10.5.C – Automation Scripts for Runbooks (Medium, Enterprise): Develop scripts…",High,MVP:❌ Prod:⚙️ Ent:✅,Viable,blueprint;option;F.10,Create or Update
F.10.5.C – Backup/Recovery & DR,Tasks – F.10.5.C,Tasks,F.10.5.C,"Tasks filtered by OptionRef=F.10.5.C. uctured Runbook Library (Medium, Production): Maintain a well-organized library (in Confluence or similar) of runbooks covering many scenarios (incident response, maintenance tasks). Medium complexity – by Production when ops team grows.  F.10.5.C – Automation Scripts for Runbooks (Medium, Enterprise): Develop scripts…",,,,blueprint;tasks;F.10,Create or Update
F.11 – Business Intelligence / Analytics,F.11.1 – Software Metadata Management,Subcomponent,F.11.1,Standardized structure from sources; replace text in parentheses if present to match Confluence wording.,,,Viable,blueprint;subcomponent;F.11,Create or Update
F.11.1 – Software Metadata Management,F.11.1.A – Core BI Connectivity,Option,F.11.1.A,"Direct query to curated/gold datasets. ta Management  Overview: Captures metadata from SaaS or hosted software integrated into the platform (like source system metadata, pipeline tool metadata). This subcomponent collects and stores software-related metadata . Options (F.11.1) F.11.1.A – Leverage Source Repositories (Low, MVP): Rely on existing sources…",Low,MVP:✅ Prod:✅ Ent:✅,Viable,blueprint;option;F.11,Create or Update
F.11.1.A – Core BI Connectivity,Tasks – F.11.1.A,Tasks,F.11.1.A,"Tasks filtered by OptionRef=F.11.1.A. ta Management  Overview: Captures metadata from SaaS or hosted software integrated into the platform (like source system metadata, pipeline tool metadata). This subcomponent collects and stores software-related metadata . Options (F.11.1) F.11.1.A – Leverage Source Repositories (Low, MVP): Rely on existing sources…",,,,blueprint;tasks;F.11,Create or Update
F.11.1 – Software Metadata Management,F.11.1.B – Semantic Layer / Metrics,Option,F.11.1.B,"Reusable metrics; governed access. age Source Repositories (Low, MVP): Rely on existing sources (like the BI tool’s repository, ETL tool’s own metadata store) and manually pull what’s needed. Low complexity; initial approach might just be querying those systems on demand.  F.11.1.B – Central Metadata Hub (Medium, Production): Set up a metadata…",Medium,MVP:❌ Prod:✅ Ent:✅,Viable,blueprint;option;F.11,Create or Update
F.11.1.B – Semantic Layer / Metrics,Tasks – F.11.1.B,Tasks,F.11.1.B,"Tasks filtered by OptionRef=F.11.1.B. age Source Repositories (Low, MVP): Rely on existing sources (like the BI tool’s repository, ETL tool’s own metadata store) and manually pull what’s needed. Low complexity; initial approach might just be querying those systems on demand.  F.11.1.B – Central Metadata Hub (Medium, Production): Set up a metadata…",,,,blueprint;tasks;F.11,Create or Update
F.11.1 – Software Metadata Management,F.11.1.C – Self‑Service Analytics Enablement,Option,F.11.1.C,"Certified datasets, explorer roles. repository within the platform (Snowflake tables or a separate metadata tool) to consolidate metadata from various software (reports, pipelines, etc.). Medium complexity; by Production, start centralizing for lineage and impact analysis.  F.11.1.C – Automated Metadata Ingestion (Medium, Production): Use APIs to…",Medium,MVP:❌ Prod:✅ Ent:✅,Viable,blueprint;option;F.11,Create or Update
F.11.1.C – Self‑Service Analytics Enablement,Tasks – F.11.1.C,Tasks,F.11.1.C,"Tasks filtered by OptionRef=F.11.1.C. repository within the platform (Snowflake tables or a separate metadata tool) to consolidate metadata from various software (reports, pipelines, etc.). Medium complexity; by Production, start centralizing for lineage and impact analysis.  F.11.1.C – Automated Metadata Ingestion (Medium, Production): Use APIs to…",,,,blueprint;tasks;F.11,Create or Update
F.11 – Business Intelligence / Analytics,F.11.2 – Framework Metadata Management,Subcomponent,F.11.2,Standardized structure from sources; replace text in parentheses if present to match Confluence wording.,,,Viable,blueprint;subcomponent;F.11,Create or Update
F.11.2 – Framework Metadata Management,F.11.2.A – Core BI Connectivity,Option,F.11.2.A,"Direct query to curated/gold datasets. Overview: Stores metadata generated by platform frameworks – i.e., metadata about the data pipelines themselves, custom frameworks, or automation processes. This subcomponent manages internal framework metadata . Options (F.11.2) F.11.2.A – Pipeline Logs as Metadata (Low, MVP): Initially, reuse pipeline logs or config…",Low,MVP:✅ Prod:✅ Ent:✅,Viable,blueprint;option;F.11,Create or Update
F.11.2.A – Core BI Connectivity,Tasks – F.11.2.A,Tasks,F.11.2.A,"Tasks filtered by OptionRef=F.11.2.A. Overview: Stores metadata generated by platform frameworks – i.e., metadata about the data pipelines themselves, custom frameworks, or automation processes. This subcomponent manages internal framework metadata . Options (F.11.2) F.11.2.A – Pipeline Logs as Metadata (Low, MVP): Initially, reuse pipeline logs or config…",,,,blueprint;tasks;F.11,Create or Update
F.11.2 – Framework Metadata Management,F.11.2.B – Semantic Layer / Metrics,Option,F.11.2.B,"Reusable metrics; governed access. – Pipeline Logs as Metadata (Low, MVP): Initially, reuse pipeline logs or config as a proxy for metadata (e.g. Airflow DAG definitions double as documentation of process). Low complexity, no separate storage beyond the orchestrator’s DB.  F.11.2.B – Custom Framework Meta Tables (Medium, Production): If custom…",Medium,MVP:❌ Prod:✅ Ent:✅,Viable,blueprint;option;F.11,Create or Update
F.11.2.B – Semantic Layer / Metrics,Tasks – F.11.2.B,Tasks,F.11.2.B,"Tasks filtered by OptionRef=F.11.2.B. – Pipeline Logs as Metadata (Low, MVP): Initially, reuse pipeline logs or config as a proxy for metadata (e.g. Airflow DAG definitions double as documentation of process). Low complexity, no separate storage beyond the orchestrator’s DB.  F.11.2.B – Custom Framework Meta Tables (Medium, Production): If custom…",,,,blueprint;tasks;F.11,Create or Update
F.11.2 – Framework Metadata Management,F.11.2.C – Self‑Service Analytics Enablement,Option,F.11.2.C,"Certified datasets, explorer roles. uilt (say, a metadata-driven ingestion framework), create tables to store that metadata (like source configs, transformation rules) in the platform. Medium complexity – likely introduced when such frameworks are implemented in Production.  F.11.2.C – Business Glossary / Context Metadata (Medium, Enterprise): Extend…",Medium,MVP:❌ Prod:✅ Ent:✅,Viable,blueprint;option;F.11,Create or Update
F.11.2.C – Self‑Service Analytics Enablement,Tasks – F.11.2.C,Tasks,F.11.2.C,"Tasks filtered by OptionRef=F.11.2.C. uilt (say, a metadata-driven ingestion framework), create tables to store that metadata (like source configs, transformation rules) in the platform. Medium complexity – likely introduced when such frameworks are implemented in Production.  F.11.2.C – Business Glossary / Context Metadata (Medium, Enterprise): Extend…",,,,blueprint;tasks;F.11,Create or Update
F.12 – Data Governance & Catalog,F.12.1 – Data Policies Governance,Subcomponent,F.12.1,Standardized structure from sources; replace text in parentheses if present to match Confluence wording.,,,Viable,blueprint;subcomponent;F.12,Create or Update
F.12.1 – Data Policies Governance,F.12.1.A – Catalog & Basic Lineage,Option,F.12.1.A,Dataset docs/owners/refresh; light lineage.,Low,MVP:✅ Prod:✅ Ent:✅,Viable,blueprint;option;F.12,Create or Update
F.12.1.A – Catalog & Basic Lineage,Tasks – F.12.1.A,Tasks,F.12.1.A,"Tasks filtered by OptionRef=F.12.1.A. egration efforts. F.12.1 – Data Policies Governance  Overview: Defines rules for data collection, usage, and protection across its lifecycle (data governance policies). This subcomponent manages high-level data policies . Options (F.12.1) F.12.1.A – Basic Policy Documentation (Low, MVP): Document key policies (like…",,,,blueprint;tasks;F.12,Create or Update
F.12.1 – Data Policies Governance,F.12.1.B – Stewardship & Policy Workflow,Option,F.12.1.B,"Data owners/stewards, approvals, policy-as-data.",Medium,MVP:❌ Prod:✅ Ent:✅,Viable,blueprint;option;F.12,Create or Update
F.12.1.B – Stewardship & Policy Workflow,Tasks – F.12.1.B,Tasks,F.12.1.B,"Tasks filtered by OptionRef=F.12.1.B. .12.1) F.12.1.A – Basic Policy Documentation (Low, MVP): Document key policies (like data retention, access control guidelines, PII handling rules) in a wiki or policy document. Low complexity, ensures governance principles exist at MVP.  F.12.1.B – Governance Council & Process (Medium, Production): Establish a data…",,,,blueprint;tasks;F.12,Create or Update
F.12.1 – Data Policies Governance,F.12.1.C – Enterprise Catalog & Deep Lineage,Option,F.12.1.C,Tooling integration for end‑to‑end lineage.,High,MVP:❌ Prod:⚙️ Ent:✅,Viable,blueprint;option;F.12,Create or Update
F.12.1.C – Enterprise Catalog & Deep Lineage,Tasks – F.12.1.C,Tasks,F.12.1.C,"Tasks filtered by OptionRef=F.12.1.C. ocess (Medium, Production): Establish a data governance committee and formal processes to approve new datasets, handle data requests, and enforce policies. Medium complexity (organizational), usually by Production when data usage widens.  F.12.1.C – Policy Enforcement Automation (High, Enterprise): Use tools or…",,,,blueprint;tasks;F.12,Create or Update
F.12 – Data Governance & Catalog,F.12.2 – Data Catalog (Metadata for Discovery),Subcomponent,F.12.2,Standardized structure from sources; replace text in parentheses if present to match Confluence wording.,,,Viable,blueprint;subcomponent;F.12,Create or Update
F.12.2 – Data Catalog (Metadata for Discovery),F.12.2.A – Catalog & Basic Lineage,Option,F.12.2.A,Dataset docs/owners/refresh; light lineage.,Low,MVP:✅ Prod:✅ Ent:✅,Viable,blueprint;option;F.12,Create or Update
F.12.2.A – Catalog & Basic Lineage,Tasks – F.12.2.A,Tasks,F.12.2.A,"Tasks filtered by OptionRef=F.12.2.A. etc.). F.12.2 – Data Catalog (Metadata for Discovery)  Overview: Provides a central repository for data asset metadata, enabling users to find and understand data. This subcomponent is the data catalog for the platform . Options (F.12.2) F.12.2.A – Simple Catalog Spreadsheet/Confluence (Low, MVP): Maintain a list of…",,,,blueprint;tasks;F.12,Create or Update
F.12.2 – Data Catalog (Metadata for Discovery),F.12.2.B – Stewardship & Policy Workflow,Option,F.12.2.B,"Data owners/stewards, approvals, policy-as-data.",Medium,MVP:❌ Prod:✅ Ent:✅,Viable,blueprint;option;F.12,Create or Update
F.12.2.B – Stewardship & Policy Workflow,Tasks – F.12.2.B,Tasks,F.12.2.B,"Tasks filtered by OptionRef=F.12.2.B. . Options (F.12.2) F.12.2.A – Simple Catalog Spreadsheet/Confluence (Low, MVP): Maintain a list of datasets (tables, views) with descriptions and owners in a spreadsheet or Confluence page. Low complexity, quick interim solution at MVP.  F.12.2.B – Dedicated Data Catalog Tool (Medium, Production): Implement a data…",,,,blueprint;tasks;F.12,Create or Update
F.12.2 – Data Catalog (Metadata for Discovery),F.12.2.C – Enterprise Catalog & Deep Lineage,Option,F.12.2.C,Tooling integration for end‑to‑end lineage.,High,MVP:❌ Prod:⚙️ Ent:✅,Viable,blueprint;option;F.12,Create or Update
F.12.2.C – Enterprise Catalog & Deep Lineage,Tasks – F.12.2.C,Tasks,F.12.2.C,"Tasks filtered by OptionRef=F.12.2.C. catalog software (e.g. Collibra, Alation, Informatica EDC) to catalog assets, track metadata, and support search. Medium to High complexity; likely by Production if many users need to find data. 1.  2.  3.  4.  5.  6.  7.  29 29 29 •  •  40F.12.2.C – Open Source/Custom Catalog (Medium, Production): Use an open source…",,,,blueprint;tasks;F.12,Create or Update
F.12 – Data Governance & Catalog,F.12.3 – Data Quality Rules Governance,Subcomponent,F.12.3,Standardized structure from sources; replace text in parentheses if present to match Confluence wording.,,,Viable,blueprint;subcomponent;F.12,Create or Update
F.12.3 – Data Quality Rules Governance,F.12.3.A – Catalog & Basic Lineage,Option,F.12.3.A,Dataset docs/owners/refresh; light lineage.,Low,MVP:✅ Prod:✅ Ent:✅,Viable,blueprint;option;F.12,Create or Update
F.12.3.A – Catalog & Basic Lineage,Tasks – F.12.3.A,Tasks,F.12.3.A,"Tasks filtered by OptionRef=F.12.3.A. ndards and measures for data accuracy and consistency – essentially the governance of data quality rules. This subcomponent covers establishing and managing data quality rules .•  •  1.  2.  3.  4.  5.  6.  7.  29 30 30 41Options (F.12.3) F.12.3.A – Document Key Data Quality Rules (Low, MVP): Identify critical data…",,,,blueprint;tasks;F.12,Create or Update
F.12.3 – Data Quality Rules Governance,F.12.3.B – Stewardship & Policy Workflow,Option,F.12.3.B,"Data owners/stewards, approvals, policy-as-data.",Medium,MVP:❌ Prod:✅ Ent:✅,Viable,blueprint;option;F.12,Create or Update
F.12.3.B – Stewardship & Policy Workflow,Tasks – F.12.3.B,Tasks,F.12.3.B,"Tasks filtered by OptionRef=F.12.3.B. 29 30 30 41Options (F.12.3) F.12.3.A – Document Key Data Quality Rules (Low, MVP): Identify critical data quality requirements (e.g. “Order date cannot be in future”) and document them in a wiki. Low complexity, ensures awareness at MVP.  F.12.3.B – Implement Data Quality Checks (Medium, Production): Use a data…",,,,blueprint;tasks;F.12,Create or Update
F.12.3 – Data Quality Rules Governance,F.12.3.C – Enterprise Catalog & Deep Lineage,Option,F.12.3.C,Tooling integration for end‑to‑end lineage.,High,MVP:❌ Prod:⚙️ Ent:✅,Viable,blueprint;option;F.12,Create or Update
F.12.3.C – Enterprise Catalog & Deep Lineage,Tasks – F.12.3.C,Tasks,F.12.3.C,"Tasks filtered by OptionRef=F.12.3.C. s (Medium, Production): Use a data quality tool or custom scripts to enforce these rules (e.g. Great Expectations tests or SQL constraints) and log failures. Medium complexity; by Production, essential rules are programmatically checked.  F.12.3.C – Data Quality Issue Tracker (Medium, Production): Establish a process…",,,,blueprint;tasks;F.12,Create or Update
F.12 – Data Governance & Catalog,F.12.4 – Data Quality Management Process,Subcomponent,F.12.4,Standardized structure from sources; replace text in parentheses if present to match Confluence wording.,,,Viable,blueprint;subcomponent;F.12,Create or Update
F.12.4 – Data Quality Management Process,F.12.4.A – Catalog & Basic Lineage,Option,F.12.4.A,Dataset docs/owners/refresh; light lineage.,Low,MVP:✅ Prod:✅ Ent:✅,Viable,blueprint;option;F.12,Create or Update
F.12.4.A – Catalog & Basic Lineage,Tasks – F.12.4.A,Tasks,F.12.4.A,"Tasks filtered by OptionRef=F.12.4.A. a Quality Management Process  Overview: Promotes continuous improvement in data quality practices – the processes to manage and improve data quality over time. This subcomponent institutionalizes data quality management . Options (F.12.4) F.12.4.A – Periodic Data Quality Reviews (Low, MVP): Set up periodic meetings or…",,,,blueprint;tasks;F.12,Create or Update
F.12.4 – Data Quality Management Process,F.12.4.B – Stewardship & Policy Workflow,Option,F.12.4.B,"Data owners/stewards, approvals, policy-as-data.",Medium,MVP:❌ Prod:✅ Ent:✅,Viable,blueprint;option;F.12,Create or Update
F.12.4.B – Stewardship & Policy Workflow,Tasks – F.12.4.B,Tasks,F.12.4.B,"Tasks filtered by OptionRef=F.12.4.B. ionalizes data quality management . Options (F.12.4) F.12.4.A – Periodic Data Quality Reviews (Low, MVP): Set up periodic meetings or reports to review known data quality issues and status. Low complexity, starts the conversation at MVP.  F.12.4.B – Data Quality KPIs (Medium, Production): Establish KPIs for data…",,,,blueprint;tasks;F.12,Create or Update
F.12.4 – Data Quality Management Process,F.12.4.C – Enterprise Catalog & Deep Lineage,Option,F.12.4.C,Tooling integration for end‑to‑end lineage.,High,MVP:❌ Prod:⚙️ Ent:✅,Viable,blueprint;option;F.12,Create or Update
F.12.4.C – Enterprise Catalog & Deep Lineage,Tasks – F.12.4.C,Tasks,F.12.4.C,"Tasks filtered by OptionRef=F.12.4.C. B – Data Quality KPIs (Medium, Production): Establish KPIs for data quality (e.g. “% of records passing all checks”, “number of DQ incidents per month”) and report them to management. Medium complexity, by Production to quantify quality.  F.12.4.C – Data Quality Improvement Plan (Medium, Production): Maintain a…",,,,blueprint;tasks;F.12,Create or Update
F.12 – Data Governance & Catalog,F.12.5 – Data Security Management,Subcomponent,F.12.5,Standardized structure from sources; replace text in parentheses if present to match Confluence wording.,,,Viable,blueprint;subcomponent;F.12,Create or Update
F.12.5 – Data Security Management,F.12.5.A – Catalog & Basic Lineage,Option,F.12.5.A,Dataset docs/owners/refresh; light lineage.,Low,MVP:✅ Prod:✅ Ent:✅,Viable,blueprint;option;F.12,Create or Update
F.12.5.A – Catalog & Basic Lineage,Tasks – F.12.5.A,Tasks,F.12.5.A,"Tasks filtered by OptionRef=F.12.5.A. rity Management  Overview: Manages data protection, access control, and compliance – the operational security management of the data platform. This subcomponent covers day-to-day and design-time data security management . Options (F.12.5) F.12.5.A – Role-Based Access Control (RBAC) Model (Low, MVP): Design and…",,,,blueprint;tasks;F.12,Create or Update
F.12.5 – Data Security Management,F.12.5.B – Stewardship & Policy Workflow,Option,F.12.5.B,"Data owners/stewards, approvals, policy-as-data.",Medium,MVP:❌ Prod:✅ Ent:✅,Viable,blueprint;option;F.12,Create or Update
F.12.5.B – Stewardship & Policy Workflow,Tasks – F.12.5.B,Tasks,F.12.5.B,"Tasks filtered by OptionRef=F.12.5.B. ent . Options (F.12.5) F.12.5.A – Role-Based Access Control (RBAC) Model (Low, MVP): Design and implement a RBAC scheme (roles, grants) in Snowflake based on job functions. Low complexity conceptually – fundamental starting point at MVP.  F.12.5.B – Sensitive Data Identification (Medium, Production): Classify data…",,,,blueprint;tasks;F.12,Create or Update
F.12.5 – Data Security Management,F.12.5.C – Enterprise Catalog & Deep Lineage,Option,F.12.5.C,Tooling integration for end‑to‑end lineage.,High,MVP:❌ Prod:⚙️ Ent:✅,Viable,blueprint;option;F.12,Create or Update
F.12.5.C – Enterprise Catalog & Deep Lineage,Tasks – F.12.5.C,Tasks,F.12.5.C,"Tasks filtered by OptionRef=F.12.5.C. nsitive Data Identification (Medium, Production): Classify data into sensitivity levels (public, internal, restricted, etc.) and label datasets accordingly. Medium complexity – by Production, know what’s sensitive to protect it properly.  F.12.5.C – Advanced Security Features (Medium, Production): Use Snowflake…",,,,blueprint;tasks;F.12,Create or Update
F.13 – Program & Delivery Management,F.13.1 – Semantic Model (Business Mapping),Subcomponent,F.13.1,Standardized structure from sources; replace text in parentheses if present to match Confluence wording.,,,Viable,blueprint;subcomponent;F.13,Create or Update
F.13.1 – Semantic Model (Business Mapping),F.13.1.A – MVP Delivery Governance,Option,F.13.1.A,"Scope, RAID log, stakeholder cadence. ss Mapping)  Overview: Maps technical data to business definitions – a semantic layer that provides business-friendly data representation. This subcomponent handles semantic modeling to align data with business concepts . Options (F.13.1) F.13.1.A – BI Tool Semantic Layer (Low, Production): Utilize semantic modeling…",Low,MVP:✅ Prod:✅ Ent:✅,Viable,blueprint;option;F.13,Create or Update
F.13.1.A – MVP Delivery Governance,Tasks – F.13.1.A,Tasks,F.13.1.A,"Tasks filtered by OptionRef=F.13.1.A. ss Mapping)  Overview: Maps technical data to business definitions – a semantic layer that provides business-friendly data representation. This subcomponent handles semantic modeling to align data with business concepts . Options (F.13.1) F.13.1.A – BI Tool Semantic Layer (Low, Production): Utilize semantic modeling…",,,,blueprint;tasks;F.13,Create or Update
F.13.1 – Semantic Model (Business Mapping),F.13.1.B – Scaled Program Management,Option,F.13.1.B,"Workstreams, KPIs, cross‑team cadence. eatures of BI tools (like Looker’s LookML, Tableau data source, Power BI dataset) to create business-friendly models (dimensions, measures) on top of raw data. Low/Medium complexity, likely in Production when delivering to business users.  F.13.1.B – Dedicated Semantic Layer Tool (Medium, Enterprise): Implement a…",Medium,MVP:❌ Prod:✅ Ent:✅,Viable,blueprint;option;F.13,Create or Update
F.13.1.B – Scaled Program Management,Tasks – F.13.1.B,Tasks,F.13.1.B,"Tasks filtered by OptionRef=F.13.1.B. eatures of BI tools (like Looker’s LookML, Tableau data source, Power BI dataset) to create business-friendly models (dimensions, measures) on top of raw data. Low/Medium complexity, likely in Production when delivering to business users.  F.13.1.B – Dedicated Semantic Layer Tool (Medium, Enterprise): Implement a…",,,,blueprint;tasks;F.13,Create or Update
F.13.1 – Semantic Model (Business Mapping),F.13.1.C – Enterprise PMO Standards,Option,F.13.1.C,"Stage gates, financial governance, reporting.",High,MVP:❌ Prod:⚙️ Ent:✅,Viable,blueprint;option;F.13,Create or Update
F.13.1.C – Enterprise PMO Standards,Tasks – F.13.1.C,Tasks,F.13.1.C,"Tasks filtered by OptionRef=F.13.1.C. one semantic layer solution or metrics store (e.g. Cube.js, dbt metrics, AtScale) that sits between data and various tools, enforcing one version of metrics. Medium complexity – considered at Enterprise to ensure consistency across tools.  F.13.1.C – No Semantic Layer (Direct SQL) (Low, MVP): (Implicit option) – At…",,,,blueprint;tasks;F.13,Create or Update
F.13 – Program & Delivery Management,F.13.2 – Knowledge Graph Integration,Subcomponent,F.13.2,Standardized structure from sources; replace text in parentheses if present to match Confluence wording.,,,Viable,blueprint;subcomponent;F.13,Create or Update
F.13.2 – Knowledge Graph Integration,F.13.2.A – MVP Delivery Governance,Option,F.13.2.A,"Scope, RAID log, stakeholder cadence. : Enables intelligent querying and inference across datasets via relationships – essentially a knowledge graph layer. This subcomponent focuses on establishing a knowledge graph to link data in a semantic way . Options (F.13.2) F.13.2.A – Simple Relationships in Catalog (Low, Production): Record relationships between…",Low,MVP:✅ Prod:✅ Ent:✅,Viable,blueprint;option;F.13,Create or Update
F.13.2.A – MVP Delivery Governance,Tasks – F.13.2.A,Tasks,F.13.2.A,"Tasks filtered by OptionRef=F.13.2.A. : Enables intelligent querying and inference across datasets via relationships – essentially a knowledge graph layer. This subcomponent focuses on establishing a knowledge graph to link data in a semantic way . Options (F.13.2) F.13.2.A – Simple Relationships in Catalog (Low, Production): Record relationships between…",,,,blueprint;tasks;F.13,Create or Update
F.13.2 – Knowledge Graph Integration,F.13.2.B – Scaled Program Management,Option,F.13.2.B,"Workstreams, KPIs, cross‑team cadence. F.13.2.A – Simple Relationships in Catalog (Low, Production): Record relationships between entities in the data catalog or model (e.g. Customer -> located in -> Region). Low complexity, static documentation of relationships for context.  F.13.2.B – Graph Database Integration (Medium, Enterprise): Implement a graph…",Medium,MVP:❌ Prod:✅ Ent:✅,Viable,blueprint;option;F.13,Create or Update
F.13.2.B – Scaled Program Management,Tasks – F.13.2.B,Tasks,F.13.2.B,"Tasks filtered by OptionRef=F.13.2.B. F.13.2.A – Simple Relationships in Catalog (Low, Production): Record relationships between entities in the data catalog or model (e.g. Customer -> located in -> Region). Low complexity, static documentation of relationships for context.  F.13.2.B – Graph Database Integration (Medium, Enterprise): Implement a graph…",,,,blueprint;tasks;F.13,Create or Update
F.13.2 – Knowledge Graph Integration,F.13.2.C – Enterprise PMO Standards,Option,F.13.2.C,"Stage gates, financial governance, reporting.",High,MVP:❌ Prod:⚙️ Ent:✅,Viable,blueprint;option;F.13,Create or Update
F.13.2.C – Enterprise PMO Standards,Tasks – F.13.2.C,Tasks,F.13.2.C,"Tasks filtered by OptionRef=F.13.2.C. aph database (Neo4j, TigerGraph, etc.) or use Snowflake’s graph-like queries (if any) to store and query relationships (e.g. for recommendation or network analysis). Medium/High complexity, considered at Enterprise for advanced use cases.  F.13.2.C – Ontology-Driven Queries (High, Enterprise): Develop an ontology…",,,,blueprint;tasks;F.13,Create or Update
F.13 – Program & Delivery Management,F.13.3 – Ontology and Taxonomy Management,Subcomponent,F.13.3,Standardized structure from sources; replace text in parentheses if present to match Confluence wording.,,,Viable,blueprint;subcomponent;F.13,Create or Update
F.13.3 – Ontology and Taxonomy Management,F.13.3.A – MVP Delivery Governance,Option,F.13.3.A,"Scope, RAID log, stakeholder cadence. y and Taxonomy Management  Overview: Defines consistent business concepts and relationships (an ontology) and manages the taxonomy of business terms. This subcomponent focuses on formalizing business knowledge structure . Options (F.13.3) F.13.3.A – Business Glossary (Low, Production): Maintain a business glossary of…",Low,MVP:✅ Prod:✅ Ent:✅,Viable,blueprint;option;F.13,Create or Update
F.13.3.A – MVP Delivery Governance,Tasks – F.13.3.A,Tasks,F.13.3.A,"Tasks filtered by OptionRef=F.13.3.A. y and Taxonomy Management  Overview: Defines consistent business concepts and relationships (an ontology) and manages the taxonomy of business terms. This subcomponent focuses on formalizing business knowledge structure . Options (F.13.3) F.13.3.A – Business Glossary (Low, Production): Maintain a business glossary of…",,,,blueprint;tasks;F.13,Create or Update
F.13.3 – Ontology and Taxonomy Management,F.13.3.B – Scaled Program Management,Option,F.13.3.B,"Workstreams, KPIs, cross‑team cadence. .13.3.A – Business Glossary (Low, Production): Maintain a business glossary of terms (maybe in the catalog or a doc) – essentially a taxonomy of business concepts and their definitions. Low complexity, vital starting point at Production.  F.13.3.B – Formal Ontology Development (Medium, Enterprise): Develop a formal…",Medium,MVP:❌ Prod:✅ Ent:✅,Viable,blueprint;option;F.13,Create or Update
F.13.3.B – Scaled Program Management,Tasks – F.13.3.B,Tasks,F.13.3.B,"Tasks filtered by OptionRef=F.13.3.B. .13.3.A – Business Glossary (Low, Production): Maintain a business glossary of terms (maybe in the catalog or a doc) – essentially a taxonomy of business concepts and their definitions. Low complexity, vital starting point at Production.  F.13.3.B – Formal Ontology Development (Medium, Enterprise): Develop a formal…",,,,blueprint;tasks;F.13,Create or Update
F.13.3 – Ontology and Taxonomy Management,F.13.3.C – Enterprise PMO Standards,Option,F.13.3.C,"Stage gates, financial governance, reporting.",High,MVP:❌ Prod:⚙️ Ent:✅,Viable,blueprint;option;F.13,Create or Update
F.13.3.C – Enterprise PMO Standards,Tasks – F.13.3.C,Tasks,F.13.3.C,"Tasks filtered by OptionRef=F.13.3.C. s (RDF/OWL) or a modeling tool, capturing entities, relationships,1.  2.  3.  4.  5.  6.  7.  35 34 36 •  •  47constraints in a machine-readable form. Medium/High complexity – for Enterprise if pursuing advanced semantic interoperability.  F.13.3.C – Ontology-Driven Data Integration (High, Enterprise): Use the…",,,,blueprint;tasks;F.13,Create or Update
F.13 – Program & Delivery Management,F.13.4 – Context Management Governance,Subcomponent,F.13.4,Standardized structure from sources; replace text in parentheses if present to match Confluence wording.,,,Viable,blueprint;subcomponent;F.13,Create or Update
F.13.4 – Context Management Governance,F.13.4.A – MVP Delivery Governance,Option,F.13.4.A,"Scope, RAID log, stakeholder cadence. nitions and metadata for semantic consistency – essentially managing the context/ metadata layer itself. This subcomponent ensures the context layer (glossaries, ontologies, semantic mappings) is governed and maintained . Options (F.13.4) F.13.4.A – Assign Data Owners/Stewards for Context (Low, Production): Identify…",Low,MVP:✅ Prod:✅ Ent:✅,Viable,blueprint;option;F.13,Create or Update
F.13.4.A – MVP Delivery Governance,Tasks – F.13.4.A,Tasks,F.13.4.A,"Tasks filtered by OptionRef=F.13.4.A. nitions and metadata for semantic consistency – essentially managing the context/ metadata layer itself. This subcomponent ensures the context layer (glossaries, ontologies, semantic mappings) is governed and maintained . Options (F.13.4) F.13.4.A – Assign Data Owners/Stewards for Context (Low, Production): Identify…",,,,blueprint;tasks;F.13,Create or Update
F.13.4 – Context Management Governance,F.13.4.B – Scaled Program Management,Option,F.13.4.B,"Workstreams, KPIs, cross‑team cadence. ptions (F.13.4) F.13.4.A – Assign Data Owners/Stewards for Context (Low, Production): Identify who “owns” each business term or context artifact (e.g. Finance owns “Revenue” definition). Low complexity, sets accountability at Production.  F.13.4.B – Context Review Process (Medium, Production): Establish a process for…",Medium,MVP:❌ Prod:✅ Ent:✅,Viable,blueprint;option;F.13,Create or Update
F.13.4.B – Scaled Program Management,Tasks – F.13.4.B,Tasks,F.13.4.B,"Tasks filtered by OptionRef=F.13.4.B. ptions (F.13.4) F.13.4.A – Assign Data Owners/Stewards for Context (Low, Production): Identify who “owns” each business term or context artifact (e.g. Finance owns “Revenue” definition). Low complexity, sets accountability at Production.  F.13.4.B – Context Review Process (Medium, Production): Establish a process for…",,,,blueprint;tasks;F.13,Create or Update
F.13.4 – Context Management Governance,F.13.4.C – Enterprise PMO Standards,Option,F.13.4.C,"Stage gates, financial governance, reporting.",High,MVP:❌ Prod:⚙️ Ent:✅,Viable,blueprint;option;F.13,Create or Update
F.13.4.C – Enterprise PMO Standards,Tasks – F.13.4.C,Tasks,F.13.4.C,"Tasks filtered by OptionRef=F.13.4.C. ity at Production.  F.13.4.B – Context Review Process (Medium, Production): Establish a process for reviewing/ approving changes to business definitions or adding new ones. Medium complexity – by Production to avoid uncontrolled changes.  F.13.4.C – Tooling for Context Management (Medium, Enterprise): Use a governance…",,,,blueprint;tasks;F.13,Create or Update
F.13 – Program & Delivery Management,F.13.5 – Business Process Integration,Subcomponent,F.13.5,Standardized structure from sources; replace text in parentheses if present to match Confluence wording.,,,Viable,blueprint;subcomponent;F.13,Create or Update
F.13.5 – Business Process Integration,F.13.5.A – MVP Delivery Governance,Option,F.13.5.A,"Scope, RAID log, stakeholder cadence. iness Process Integration  Overview: Defines operational workflows enhanced by data and AI – integrating data platform outputs into business processes. This subcomponent looks at closing the loop with business processes . Options (F.13.5) F.13.5.A – Insights to Action via Dashboards (Low, Production): Rely on humans…",Low,MVP:✅ Prod:✅ Ent:✅,Viable,blueprint;option;F.13,Create or Update
F.13.5.A – MVP Delivery Governance,Tasks – F.13.5.A,Tasks,F.13.5.A,"Tasks filtered by OptionRef=F.13.5.A. iness Process Integration  Overview: Defines operational workflows enhanced by data and AI – integrating data platform outputs into business processes. This subcomponent looks at closing the loop with business processes . Options (F.13.5) F.13.5.A – Insights to Action via Dashboards (Low, Production): Rely on humans…",,,,blueprint;tasks;F.13,Create or Update
F.13.5 – Business Process Integration,F.13.5.B – Scaled Program Management,Option,F.13.5.B,"Workstreams, KPIs, cross‑team cadence. ptions (F.13.5) F.13.5.A – Insights to Action via Dashboards (Low, Production): Rely on humans to take action from insights (dashboards/alerts show something, and a person responds via existing process). Low complexity, initial approach.  F.13.5.B – Embedded Analytics in Processes (Medium, Production): Integrate…",Medium,MVP:❌ Prod:✅ Ent:✅,Viable,blueprint;option;F.13,Create or Update
F.13.5.B – Scaled Program Management,Tasks – F.13.5.B,Tasks,F.13.5.B,"Tasks filtered by OptionRef=F.13.5.B. ptions (F.13.5) F.13.5.A – Insights to Action via Dashboards (Low, Production): Rely on humans to take action from insights (dashboards/alerts show something, and a person responds via existing process). Low complexity, initial approach.  F.13.5.B – Embedded Analytics in Processes (Medium, Production): Integrate…",,,,blueprint;tasks;F.13,Create or Update
F.13.5 – Business Process Integration,F.13.5.C – Enterprise PMO Standards,Option,F.13.5.C,"Stage gates, financial governance, reporting.",High,MVP:❌ Prod:⚙️ Ent:✅,Viable,blueprint;option;F.13,Create or Update
F.13.5.C – Enterprise PMO Standards,Tasks – F.13.5.C,Tasks,F.13.5.C,"Tasks filtered by OptionRef=F.13.5.C. ics in Processes (Medium, Production): Integrate analytics into business applications (e.g. show a recommended action in a CRM based on platform data). Medium complexity, requires app integration – likely by Production for key processes.  F.13.5.C – Data-Driven Workflow Automation (High, Enterprise): Use data triggers…",,,,blueprint;tasks;F.13,Create or Update
F.13 – Program & Delivery Management,F.13.6 – Data Contracts & SLAs,Subcomponent,F.13.6,Standardized structure from sources; replace text in parentheses if present to match Confluence wording.,,,Viable,blueprint;subcomponent;F.13,Create or Update
F.13.6 – Data Contracts & SLAs,F.13.6.A – MVP Delivery Governance,Option,F.13.6.A,"Scope, RAID log, stakeholder cadence. acts & SLAs  Overview: Establishes agreements defining data structure, meaning, and service-level expectations between data producers and consumers. This subcomponent deals with data contracts and SLAs for data delivery . Options (F.13.6) F.13.6.A – Informal Data Contracts (Low, Production): Communicate expectations…",Low,MVP:✅ Prod:✅ Ent:✅,Viable,blueprint;option;F.13,Create or Update
F.13.6.A – MVP Delivery Governance,Tasks – F.13.6.A,Tasks,F.13.6.A,"Tasks filtered by OptionRef=F.13.6.A. acts & SLAs  Overview: Establishes agreements defining data structure, meaning, and service-level expectations between data producers and consumers. This subcomponent deals with data contracts and SLAs for data delivery . Options (F.13.6) F.13.6.A – Informal Data Contracts (Low, Production): Communicate expectations…",,,,blueprint;tasks;F.13,Create or Update
F.13.6 – Data Contracts & SLAs,F.13.6.B – Scaled Program Management,Option,F.13.6.B,"Workstreams, KPIs, cross‑team cadence. ta Contracts (Low, Production): Communicate expectations (like “table X will be updated by 7am daily, schema changes will be told in advance”) via documentation, but not enforceable. Low complexity – initial approach to set expectations.  F.13.6.B – Formal Data Contracts (Medium, Production): Write explicit contracts…",Medium,MVP:❌ Prod:✅ Ent:✅,Viable,blueprint;option;F.13,Create or Update
F.13.6.B – Scaled Program Management,Tasks – F.13.6.B,Tasks,F.13.6.B,"Tasks filtered by OptionRef=F.13.6.B. ta Contracts (Low, Production): Communicate expectations (like “table X will be updated by 7am daily, schema changes will be told in advance”) via documentation, but not enforceable. Low complexity – initial approach to set expectations.  F.13.6.B – Formal Data Contracts (Medium, Production): Write explicit contracts…",,,,blueprint;tasks;F.13,Create or Update
F.13.6 – Data Contracts & SLAs,F.13.6.C – Enterprise PMO Standards,Option,F.13.6.C,"Stage gates, financial governance, reporting.",High,MVP:❌ Prod:⚙️ Ent:✅,Viable,blueprint;option;F.13,Create or Update
F.13.6.C – Enterprise PMO Standards,Tasks – F.13.6.C,Tasks,F.13.6.C,"Tasks filtered by OptionRef=F.13.6.C. or important data interfaces (could be in Confluence or version-controlled docs) specifying schema, update frequency, quality, owner , etc., agreed by producer and consumer . Medium complexity; by Production for critical shared data sets.  F.13.6.C – Automated Contract Enforcement (High, Enterprise): Use tooling or…",,,,blueprint;tasks;F.13,Create or Update
